Epoch,Train Loss,Token Accuracy,CE Loss,Halt Loss,Halt Acc,Test Loss,Test Token Acc,Test Puzzle Acc,Eval Token Acc,Eval Puzzle Acc,Epoch Time (s),Peak GPU MB,Throughput (examples/s)
1,3037623773.0482025,0.11316872015595436,3037623773.0403175,0.007886233739554882,0.0,303.4081115722656,0.11934155970811844,0.0,0.11934155970811844,0.0,0.5465877056121826,101.1357421875,21.9543906253067
2,7704491538.910622,0.1162551399320364,7704491538.910622,0.0,0.0,324.4263610839844,0.10699588060379028,0.0,0.10699588060379028,0.0,0.1977529525756836,101.1357421875,60.681774121210076
3,8275147889.891739,0.11522633396089077,8275147889.891739,2.3242398757784643e-39,0.0,302.71649169921875,0.12345678359270096,0.0,0.12345678359270096,0.0,0.19658827781677246,101.1357421875,61.041279435717136
4,8032840504.846016,0.12037036940455437,8032840503.952568,0.8934507369995117,0.0,358.2836608886719,0.1316872388124466,0.0,0.1316872388124466,0.0,0.19620728492736816,100.16796875,45.86985648026072
5,10057082673.930298,0.14094650000333786,10057082673.930298,0.0,0.0,455.1623229980469,0.1111111044883728,0.0,0.1111111044883728,0.0,0.19866561889648438,101.1357421875,60.4030031298604
6,12152758873.075737,0.1111111044883728,12152758873.075737,0.0,0.0,445.3907165527344,0.1111111044883728,0.0,0.1111111044883728,0.0,0.19700312614440918,101.1357421875,60.91273897452592
7,12222199165.01564,0.1111111044883728,12222199165.01564,0.0,0.0,293.8274230957031,0.1111111044883728,0.0,0.1111111044883728,0.0,0.1980879306793213,101.1357421875,60.579157744983696
8,7740414912.3592,0.11316871829330921,7740414912.3592,0.0,0.0,345.20849609375,0.1111111044883728,0.0,0.1111111044883728,0.0,0.1992206573486328,101.1357421875,60.23471742189968
9,9187891077.727913,0.1111111044883728,9187891077.727913,0.0,0.0,232.79962158203125,0.1111111044883728,0.0,0.1111111044883728,0.0,0.19658851623535156,101.1357421875,61.04120540608719
10,6093943246.084663,0.11316871829330921,6093943246.084663,0.0,0.0,273.452392578125,0.12345678359270096,0.0,0.12345678359270096,0.0,0.19993901252746582,101.1357421875,60.01830182266979
11,7627377588.249817,0.12551439739763737,7627377588.249817,0.0,0.0,262.66949462890625,0.1358024626970291,0.0,0.1358024626970291,0.0,0.19896864891052246,101.1357421875,60.31100912484198
12,7164813898.813866,0.12448559142649174,7164813898.813866,0.0,0.0,228.54713439941406,0.11522633582353592,0.0,0.11522633582353592,0.0,0.20096182823181152,101.1357421875,59.71283255921556
13,6241703512.941471,0.11522633582353592,6241703512.941471,0.0,0.0,208.9847869873047,0.10699588060379028,0.0,0.10699588060379028,0.0,0.19955945014953613,101.1357421875,60.13245672408911
14,5434578185.271595,0.11008230037987232,5434578185.271595,0.0,0.0,152.3756866455078,0.1111111044883728,0.0,0.1111111044883728,0.0,0.19897675514221191,101.1357421875,60.30855207897729
15,4026112678.601734,0.11316871829330921,4026112678.601734,0.0,0.0,116.18419647216797,0.1111111044883728,0.0,0.1111111044883728,0.0,0.19901466369628906,101.1357421875,60.29706443296499
16,3012979725.79117,0.12448559142649174,3012979725.79117,0.0,0.0,108.97947692871094,0.1563785970211029,0.0,0.1563785970211029,0.0,0.19817876815795898,101.1357421875,60.55139060323235
17,2842751267.478264,0.1491769514977932,2842751267.478264,0.0,0.0,142.87298583984375,0.12345678359270096,0.0,0.12345678359270096,0.0,0.19923138618469238,101.1357421875,60.23147371406484
18,3814289115.3119965,0.12037036567926407,3814289115.3119965,0.0,0.0,205.3082275390625,0.1111111044883728,0.0,0.1111111044883728,0.0,0.20129060745239258,101.1357421875,59.615300246128626
19,5573411793.04385,0.1111111044883728,5573411793.04385,0.0,0.0,224.09872436523438,0.1111111044883728,0.0,0.1111111044883728,0.0,0.19919133186340332,101.1357421875,60.24358533949195
20,6094401675.026638,0.1111111044883728,6094401675.026638,0.0,0.0,167.2046661376953,0.11934155970811844,0.0,0.11934155970811844,0.0,0.19842839241027832,101.1357421875,60.475216546573286
21,4528423164.410545,0.15020575560629368,4528423164.410545,0.0,0.0,157.40286254882812,0.11522633582353592,0.0,0.11522633582353592,0.0,0.19854474067687988,101.1357421875,60.4397777502921
22,3843053727.5030556,0.11522633582353592,3843053727.5030556,0.0,0.0,100.75538635253906,0.10699588060379028,0.0,0.10699588060379028,0.0,0.20031380653381348,101.1357421875,59.906005520265374
23,2615220732.9886475,0.11728394590318203,2615220732.9886475,0.0,0.0,57.645774841308594,0.14403291046619415,0.0,0.14403291046619415,0.0,0.20241355895996094,101.1357421875,59.28456602244565
24,1475988199.2024603,0.16460904851555824,1475988199.2024603,0.0,0.0,113.46831512451172,0.1316872388124466,0.0,0.1316872388124466,0.0,0.19880437850952148,101.1357421875,60.36084360901174
25,2939252599.4793873,0.1286008171737194,2939252599.4793873,0.0,0.0,103.3587417602539,0.1316872388124466,0.0,0.1316872388124466,0.0,0.19850754737854004,101.1357421875,60.451102028462614
26,2705016123.1248455,0.14711933583021164,2705016123.1248455,0.0,0.0,160.94703674316406,0.11522633582353592,0.0,0.11522633582353592,0.0,0.19593334197998047,101.1357421875,61.24531883514804
27,4376857443.941837,0.13477365858852863,4376857443.941837,0.0,0.0,168.50486755371094,0.1111111044883728,0.0,0.1111111044883728,0.0,0.19726061820983887,101.1357421875,60.83322717378298
28,4449285454.135986,0.1111111044883728,4449285454.135986,0.0,0.0,85.72388458251953,0.11522633582353592,0.0,0.11522633582353592,0.0,0.2013101577758789,101.1357421875,59.60951068032915
29,2182191048.420227,0.11522633582353592,2182191048.420227,0.0,0.0,67.00995635986328,0.1316872388124466,0.0,0.1316872388124466,0.0,0.19638466835021973,101.1357421875,61.10456636360215
30,1609260040.6528835,0.15020575374364853,1609260040.6528835,0.0,0.0,35.323543548583984,0.19341562688350677,0.0,0.19341562688350677,0.0,0.19800591468811035,101.1357421875,60.60425022606945
31,932821687.9300089,0.21913579478859901,932821687.9300089,0.0,0.0,116.3834457397461,0.1111111044883728,0.0,0.1111111044883728,0.0,0.1990346908569336,101.1357421875,60.29099725447166
32,2904972248.8116837,0.1111111044883728,2904972248.8116837,0.0,0.0,60.71448516845703,0.11522633582353592,0.0,0.11522633582353592,0.0,0.2000880241394043,101.1357421875,59.97360437543939
33,1540394129.6673908,0.14609053172171116,1540394129.6673908,0.0,0.0,63.992523193359375,0.1358024626970291,0.0,0.1358024626970291,0.0,0.19863414764404297,101.1357421875,60.41257327770389
34,1592158733.0391455,0.15329217910766602,1592158733.0391455,0.0,0.0,93.79383087158203,0.11934155970811844,0.0,0.11934155970811844,0.0,0.1983954906463623,101.1357421875,60.485245712514015
35,2342630359.92795,0.12242797948420048,2342630359.92795,0.0,0.0,77.5995101928711,0.14814814925193787,0.0,0.14814814925193787,0.0,0.19964361190795898,101.1357421875,60.107107286419556
36,1997691932.5600376,0.17078188806772232,1997691932.5600376,0.0,0.0,94.78067779541016,0.16460904479026794,0.0,0.16460904479026794,0.0,0.19803285598754883,101.1357421875,60.596005345468996
37,2681286069.9207497,0.1841563694179058,2681286069.9207497,0.0,0.0,121.33983612060547,0.16049382090568542,0.0,0.16049382090568542,0.0,0.19594693183898926,101.1357421875,61.24107117870297
38,3135577946.942379,0.16872427612543106,3135577946.942379,0.0,0.0,127.64226531982422,0.1111111044883728,0.0,0.1111111044883728,0.0,0.19636869430541992,101.1357421875,61.10953704940325
39,2874305866.2982693,0.1111111044883728,2874305866.2982693,0.0,0.0,80.62957000732422,0.1563785970211029,0.0,0.1563785970211029,0.0,0.1970205307006836,101.1357421875,60.90735801656413
40,2201550527.347824,0.1800411455333233,2201550527.347824,0.0,0.0,113.10543060302734,0.12345678359270096,0.0,0.12345678359270096,0.0,0.19864273071289062,101.1357421875,60.40996293664663
41,3026421609.2226486,0.1286008171737194,3026421609.2226486,0.0,0.0,114.9801254272461,0.1563785970211029,0.0,0.1563785970211029,0.0,0.19884634017944336,101.1357421875,60.34810592526336
42,2943781864.904211,0.1635802425444126,2943781864.904211,0.0,0.0,77.01742553710938,0.16460904479026794,0.0,0.16460904479026794,0.0,0.19758296012878418,101.1357421875,60.73398228358571
43,2024177323.7963524,0.15740740299224854,2024177323.7963524,0.0,0.0,82.08955383300781,0.11522633582353592,0.0,0.11522633582353592,0.0,0.19858050346374512,101.1357421875,60.428893021669886
