Epoch,Train Total Loss,Train Token Acc,Train CE Loss,Train Halt Loss,Train Halt Acc,Test CE Loss,Test Token Acc,Test Puzzle Acc,Eval Token Acc,Eval Puzzle Acc,Epoch Time (s),Peak GPU MB,Throughput (examples/s)
1,2.3714624404907227,0.1151537150144577,2.307716953754425,0.0637454888144061,0.0,2.225954546478124,0.1110300206946836,0.0,0.1110300206946836,0.0,21.931403636932373,646.01611328125,455.92157098243064
2,2.1959612131118775,0.14656933695077895,2.195126450061798,0.0008347653465096627,0.0,2.1946050188443276,0.22265032588641812,0.0,0.22265032588641812,0.0,21.920762300491333,646.01611328125,456.18851493024306
3,2.1517887353897094,0.24763459861278533,2.151523220539093,0.00026550897164300273,0.0,2.1612692413260803,0.2733067965031247,0.0,0.2733067965031247,0.0,21.71752119064331,646.01611328125,460.4577065778741
4,2.0426926255226134,0.2571715466678143,2.0422192454338073,0.000473354182052068,0.0,1.9964250515217354,0.24403582145313374,0.0,0.24403582145313374,0.0,21.945845365524292,646.01611328125,455.66711299759027
5,1.8677326142787933,0.335170765966177,1.8667048692703248,0.0010277418654109608,0.0,1.8026587320875025,0.38107956585093217,0.0,0.38107956585093217,0.0,21.92216181755066,646.01611328125,456.1593917254138
6,1.7400717377662658,0.38851772993803024,1.7392711877822875,0.0008005499549297269,0.0,1.6753880801558783,0.388752945615362,0.0,0.388752945615362,0.0,21.43921184539795,646.01611328125,466.435057039961
7,1.7225896418094635,0.38902670592069627,1.7221013188362122,0.0004883212153899356,0.0,1.6066962230869413,0.3884983099906843,0.0,0.3884983099906843,0.0,21.51343274116516,646.01611328125,464.8258657887436
8,1.6441445648670197,0.38971620351076125,1.643761831521988,0.000382728150000729,0.0,1.574096020428378,0.3884384436194602,0.0,0.3884384436194602,0.0,21.884812593460083,646.01611328125,456.93788591035667
9,1.6183681905269622,0.3901380509138107,1.6180737614631653,0.0002944321924596337,0.0,1.5508443088277488,0.3885647755197405,0.0,0.3885647755197405,0.0,21.737058877944946,646.01611328125,460.0438383201092
10,1.6003125727176666,0.3906515270471573,1.6000677645206451,0.00024481026339393766,0.0,1.536889961210348,0.39175049664754846,0.0,0.39175049664754846,0.0,21.544503450393677,646.01611328125,464.15551061666605
11,1.57827370762825,0.39139885157346727,1.5780966460704804,0.00017705917707655484,0.0,1.528650399559058,0.3900589396676486,0.0,0.3900589396676486,0.0,21.878637552261353,646.01611328125,457.06685236286165
12,1.5677895426750184,0.39182138741016387,1.5676490247249604,0.00014052055048527815,0.0,1.5249975722003504,0.3917809647956714,0.0,0.3917809647956714,0.0,21.8120539188385,646.01611328125,458.46209793949123
13,1.55804585814476,0.3925500065088272,1.557931524515152,0.00011433762047092307,0.0,1.5224035109503795,0.3909902844316446,0.0,0.3909902844316446,0.0,21.87466073036194,646.01611328125,457.1499472958701
14,1.5493542551994324,0.39335490167140963,1.5492504239082336,0.00010383704357083206,0.0,1.5197990092180542,0.39248793963658607,0.0,0.39248793963658607,0.0,21.948776960372925,646.01611328125,455.6062516856563
15,1.5496605157852172,0.39395895004272463,1.5495697557926178,9.076088172151509e-05,0.0,1.5176776827969216,0.39277842287289894,0.0,0.39277842287289894,0.0,21.705764293670654,646.01611328125,460.70711285278145
16,1.5439003825187683,0.39537704437971116,1.5438132226467132,8.716960728634744e-05,0.0,1.5170229884094535,0.39372975269183697,0.0,0.39372975269183697,0.0,22.03138566017151,646.01611328125,453.8979142868017
17,1.5438620805740357,0.3960165470838547,1.5437868654727935,7.521531515522274e-05,0.0,1.5158058478526284,0.3941127441408559,0.0,0.3941127441408559,0.0,21.63655734062195,646.01611328125,462.18073617586646
18,1.5434104800224304,0.397179388999939,1.5433469414710999,6.354442957672478e-05,0.0,1.5158252827191756,0.39360210548445906,0.0,0.39360210548445906,0.0,21.77275037765503,646.01611328125,459.2897004993368
19,1.5495055556297301,0.39672639071941374,1.5494497954845428,5.575446302828029e-05,0.0,1.5130729681065815,0.3984764793089458,0.0,0.3984764793089458,0.0,21.81851863861084,646.01611328125,458.3262578745212
20,1.5451501131057739,0.3992767229676247,1.545098316669464,5.18013090186296e-05,0.0,1.5134055307067336,0.39842660865829876,0.0,0.39842660865829876,0.0,21.81068181991577,646.01611328125,458.4909395573686
21,1.5449403941631317,0.399850432574749,1.54489204287529,4.835003273910907e-05,0.0,1.5131109967358753,0.39677658626588724,0.0,0.39677658626588724,0.0,21.889020919799805,646.01611328125,456.8500362185893
22,1.5485947489738465,0.4000484272837639,1.5485485374927521,4.6217384442571176e-05,0.0,1.5111841992373616,0.40008208505610865,0.0,0.40008208505610865,0.0,21.850996494293213,646.01611328125,457.64503246392826
23,1.5474625289440156,0.4014673337340355,1.5474155068397522,4.702617516159144e-05,0.0,1.510047972202301,0.4013882175845615,0.0,0.4013882175845615,0.0,21.761958122253418,646.01611328125,459.5174728221798
24,1.5463742673397065,0.4024300664663315,1.5463263273239136,4.794333326572155e-05,0.0,1.5093521162614985,0.401192403987014,0.0,0.401192403987014,0.0,21.80583429336548,646.01611328125,458.5928639768919
25,1.5486526668071747,0.4029212310910225,1.5486055493354798,4.7117730355240136e-05,0.0,1.5088764724950814,0.40231311977919887,0.0,0.40231311977919887,0.0,22.10271716117859,646.01611328125,452.43306183024816
26,1.5513954222202302,0.4042488247156143,1.5513495266437531,4.5899518590886754e-05,0.0,1.5071258111958354,0.4030092995406352,0.0,0.4030092995406352,0.0,21.72216534614563,646.01611328125,460.3592616412155
27,1.5577047348022461,0.40498337596654893,1.5576583743095398,4.6350646516658055e-05,0.0,1.5068941023967457,0.40415940413896456,0.0,0.40415940413896456,0.0,21.96871566772461,646.01611328125,455.1927455045323
28,1.5569152057170867,0.407243986427784,1.556868326663971,4.686801075877223e-05,0.0,1.5030658962362904,0.4064669074359875,0.0,0.4064669074359875,0.0,21.845600128173828,646.01611328125,457.7580813219776
29,1.561247134208679,0.4086195886135101,1.5611962378025055,5.089953592687479e-05,0.0,1.5000759911594899,0.40830624301987756,0.0,0.40830624301987756,0.0,21.78143882751465,646.01611328125,459.1064933400013
30,1.5661597192287444,0.41127869784832,1.5661088526248932,5.0859227849287955e-05,0.0,1.4969847057979853,0.4103154569647791,0.0,0.4103154569647791,0.0,21.963467359542847,646.01611328125,455.3015166639947
31,1.5727791786193848,0.413258022069931,1.5727272093296052,5.1972235451104194e-05,0.0,1.4924015486500166,0.4119204299718358,0.0,0.4119204299718358,0.0,21.59234070777893,646.01611328125,463.12718641001095
32,1.5835906863212585,0.4161587506532669,1.5835395932197571,5.1084177903249967e-05,0.0,1.4854661533676683,0.41567156490921686,0.0,0.41567156490921686,0.0,21.740434646606445,646.01611328125,459.972404533363
33,1.5877226710319519,0.4191142305731773,1.587669950723648,5.273212627798951e-05,0.0,1.4783669463370095,0.41944061685128015,0.0,0.41944061685128015,0.0,22.056503534317017,646.01611328125,453.3810168253239
34,1.5969739735126496,0.4233192831277847,1.5969160854816438,5.788140551885976e-05,0.0,1.4700248196684997,0.42328344848340704,0.0,0.42328344848340704,0.0,21.65036654472351,646.01611328125,461.8859444870293
35,1.6073995530605316,0.4270134851336479,1.6073262572288514,7.330707776423779e-05,0.0,1.4630668499567896,0.4264819754093669,0.0,0.4264819754093669,0.0,21.856165170669556,646.01611328125,457.53680583544264
36,1.6170286118984223,0.43044767081737517,1.6169229209423066,0.00010569776934752894,0.0,1.4578288927782534,0.4299675885398509,0.0,0.4299675885398509,0.0,21.829163074493408,646.01611328125,458.1027667379809
37,1.6355146288871765,0.43389026671648023,1.6353442966938019,0.00017033846819284362,0.0,1.4500718334685225,0.43270658912727966,0.0,0.43270658912727966,0.0,21.869683265686035,646.01611328125,457.25399305120243
38,1.6317339897155763,0.43717197328805923,1.6314903974533081,0.00024359506901974786,0.0,1.453876442251136,0.43566369985119774,0.0,0.43566369985119774,0.0,22.17538857460022,646.01611328125,450.9503843127259
39,1.6894053161144256,0.4396529942750931,1.688793683052063,0.0006116346728843973,0.0,1.4396404999220342,0.43817495459072814,0.0,0.43817495459072814,0.0,21.754732847213745,646.01611328125,459.67008973317536
40,1.6681119859218598,0.44195289760828016,1.6676378130912781,0.00047417759045226477,0.0,1.4192898505825107,0.44214402990681784,0.0,0.44214402990681784,0.0,21.890100717544556,646.01611328125,456.8275006603859
41,1.6681600868701936,0.44606602638959886,1.667456614971161,0.0007034673406536752,0.0,1.4003708176405032,0.4448866421316207,0.0,0.4448866421316207,0.0,21.898750066757202,646.01611328125,456.6470675045617
42,1.641587895154953,0.44949462115764616,1.6409138143062592,0.0006740862457300945,0.0,1.375887474482631,0.4485997235443055,0.0,0.4485997235443055,0.0,23.996013402938843,646.01611328125,416.73588991975134
43,1.6152937829494476,0.45221093744039537,1.614499717950821,0.0007940574749441042,0.0,1.3483543345483684,0.45201548367522243,0.0,0.45201548367522243,0.0,22.07356023788452,646.01611328125,453.0306797920686
44,1.5923604488372802,0.4549316123127937,1.5915586590766906,0.0008017973928585607,0.0,1.3266079167476867,0.4545977917335224,0.0,0.4545977917335224,0.0,21.77717351913452,646.01611328125,459.19641459501145
45,1.5761718690395354,0.4570834681391716,1.5753018498420714,0.0008700137164630887,0.0,1.3048536813576632,0.4565440308455982,0.0,0.4565440308455982,0.0,22.142277479171753,646.01611328125,451.6247260204625
46,1.5503374576568603,0.4596178561449051,1.5494772613048553,0.0008601938225482164,0.0,1.2906626243568218,0.4579555370617144,0.0,0.4579555370617144,0.0,21.865880966186523,646.01611328125,457.33350581502003
47,1.53068705201149,0.46095153093338015,1.5297703742980957,0.0009166783686197406,0.0,1.2687616325175213,0.46004366149480924,0.0,0.46004366149480924,0.0,22.041869640350342,646.01611328125,453.6820225854968
48,1.5056446611881256,0.46304445862770083,1.5048205375671386,0.0008241320336529325,0.0,1.24890855380467,0.462984213348451,0.0,0.462984213348451,0.0,21.820276975631714,646.01611328125,458.28932470324395
49,1.4739487648010254,0.4644319206476212,1.4730382144451142,0.000910558914077058,0.0,1.2276158153866452,0.46436502061080703,0.0,0.46436502061080703,0.0,22.059322118759155,646.01611328125,453.3230869998513
50,1.4546182811260224,0.46669659167528155,1.4538901686668395,0.0007281050463713733,0.0,1.205545451248529,0.46673391117166374,0.0,0.46673391117166374,0.0,21.89118528366089,646.01611328125,456.8048678233876
51,1.43173668384552,0.4688178673386574,1.4311544597148895,0.0005822300523237738,0.0,1.1916625037897586,0.4675827540511369,0.0,0.4675827540511369,0.0,21.795743703842163,646.01611328125,458.8051748028766
52,1.4095722317695618,0.4705646589398384,1.4090819120407105,0.0004903159039539771,0.0,1.1761093154080555,0.4704559528005037,0.0,0.4704559528005037,0.0,22.105406045913696,646.01611328125,452.3780282176067
53,1.3840773046016692,0.47276301831007006,1.3835991144180297,0.00047818903690737886,0.0,1.1670430530647389,0.4711832419651184,0.0,0.4711832419651184,0.0,21.773539781570435,646.01611328125,459.27304886200466
54,1.3854521751403808,0.4746051713824272,1.385022360086441,0.0004298094865903399,0.0,1.160274529428228,0.4746923993993325,0.0,0.4746923993993325,0.0,21.694451570510864,646.01611328125,460.94735179168754
55,1.370164978504181,0.47653602957725527,1.3697686791419983,0.00039630698117811204,0.0,1.1519158455130551,0.47420875212182145,0.0,0.47420875212182145,0.0,22.02991509437561,646.01611328125,453.928213393481
56,1.3636589527130127,0.4780464172363281,1.363213562965393,0.0004453877710877085,0.0,1.147820554691712,0.4770429808348778,0.0,0.4770429808348778,0.0,21.88514518737793,646.01611328125,456.9309417132592
57,1.346995609998703,0.47966260462999344,1.3466386258602143,0.0003569727173262907,0.0,1.1398862815365087,0.4767612331066524,0.0,0.4767612331066524,0.0,22.155619144439697,646.01611328125,451.3527667544176
58,1.340201073884964,0.48065557777881623,1.339838021993637,0.0003630481373508498,0.0,1.1370838554373088,0.4792466570620964,0.0,0.4792466570620964,0.0,21.749078512191772,646.01611328125,459.7895949657982
59,1.3297581911087035,0.48242861926555636,1.3294213533401489,0.00033683766616665557,0.0,1.1327567392053672,0.4823910634035637,0.0,0.4823910634035637,0.0,21.96516466140747,646.01611328125,455.26633440494436
60,1.3171290099620818,0.4838400259613991,1.316762739419937,0.0003662696520534222,0.0,1.1239184729989447,0.48134999817855134,0.0,0.48134999817855134,0.0,22.059982299804688,646.01611328125,453.30952056514286
61,1.3103503227233886,0.48453080356121064,1.3099679112434388,0.0003824155177059093,0.0,1.117542159615071,0.48338753645269983,0.0,0.48338753645269983,0.0,22.047417402267456,646.01611328125,453.5678631897972
62,1.3082940399646759,0.48671978861093523,1.3079534351825715,0.0003406068555162424,0.0,1.1124006088363056,0.48643610032938295,0.0,0.48643610032938295,0.0,22.360079765319824,646.01611328125,447.22559601553223
63,1.3068594455718994,0.48854625076055525,1.3065248548984527,0.0003345973343794894,0.0,1.1054472496088135,0.48671917159101286,0.0,0.48671917159101286,0.0,21.815843105316162,646.01611328125,458.3824678113478
64,1.3047509789466858,0.48989008367061615,1.304422777891159,0.0003282005986247377,0.0,1.1025838955839955,0.48676599771433826,0.0,0.48676599771433826,0.0,21.824374198913574,646.01611328125,458.2032872446718
65,1.2970197677612305,0.49076077491045,1.2966359674930572,0.0003837988252474476,0.0,1.1021363218529172,0.48929204274032073,0.0,0.48929204274032073,0.0,22.134703159332275,646.01611328125,451.77926841923204
66,1.2843773543834687,0.49159950017929077,1.2839993774890899,0.0003779769958436901,0.0,1.0974088205840917,0.4900324295205008,0.0,0.4900324295205008,0.0,21.780384063720703,646.01611328125,459.1287265983921
67,1.276520347595215,0.49322663694620134,1.2761588096618652,0.00036153770717579567,0.0,1.0940149171011788,0.49107130016166417,0.0,0.49107130016166417,0.0,21.888426065444946,646.01611328125,456.86245187756583
68,1.266585075855255,0.49446713626384736,1.2661939442157746,0.0003911381333515083,0.0,1.088421026673213,0.4922199542600364,0.0,0.4922199542600364,0.0,22.013631582260132,646.01611328125,454.26398468749625
69,1.264945375919342,0.49629856646060944,1.2645361721515656,0.00040919659620908223,0.0,1.084657346220917,0.49430966005631277,0.0,0.49430966005631277,0.0,21.73405623435974,646.01611328125,460.1073951483952
70,1.2553433716297149,0.4971774458885193,1.2549584329128265,0.00038493357735988013,0.0,1.079427742496241,0.49512923323069014,0.0,0.49512923323069014,0.0,22.09294295310974,646.01611328125,452.63322415778146
71,1.2448668777942657,0.4989041104912758,1.2444853067398072,0.00038157491667907035,0.0,1.0725145438104218,0.4970167153684048,0.0,0.4970167153684048,0.0,21.791470050811768,646.01611328125,458.89515377726815
72,1.2412145733833313,0.501426811516285,1.2408278703689575,0.00038670065701169355,0.0,1.0629182919751645,0.49923474527444445,0.0,0.49923474527444445,0.0,21.7759108543396,646.01611328125,459.2230408588009
73,1.2451351702213287,0.503110122680664,1.244773554801941,0.00036160581224093486,0.0,1.0588792887207383,0.5008687706389092,0.0,0.5008687706389092,0.0,22.056261777877808,646.01611328125,453.3859862884785
74,1.247234296798706,0.5049175873398781,1.2468509197235107,0.000383377572889758,0.0,1.0540805930952761,0.5028474859117595,0.0,0.5028474859117595,0.0,21.920472621917725,646.01611328125,456.1945434516432
75,1.233905839920044,0.5068991273641587,1.2334980726242066,0.00040776399839150614,0.0,1.0488313892563088,0.5041534446053586,0.0,0.5041534446053586,0.0,22.03611969947815,646.01611328125,453.80040299185777
76,1.2375999748706819,0.5084263175725937,1.2372251152992249,0.00037485873909473197,0.0,1.0486279760665524,0.5063240223589013,0.0,0.5063240223589013,0.0,21.818259477615356,646.01611328125,458.33170195173415
77,1.2486335992813111,0.5096698731184006,1.2482223391532898,0.0004112504568284798,0.0,1.0502644768638703,0.5083728322249637,0.0,0.5083728322249637,0.0,22.173467874526978,646.01611328125,450.98944633230167
78,1.2336464941501617,0.5111168026924133,1.2332044541835785,0.0004420475103051577,0.0,1.0465512278582225,0.5095269998612184,0.0,0.5095269998612184,0.0,21.84980010986328,646.01611328125,457.67009078887963
79,1.2303018867969513,0.5129930138587951,1.2298838078975678,0.0004180766933177522,0.0,1.0435778589571936,0.5111066881955103,0.0,0.5111066881955103,0.0,22.10744023323059,646.01611328125,452.3364032425877
80,1.2310618460178375,0.5143095821142196,1.2306607127189637,0.0004011320532322709,0.0,1.0405763664776708,0.5108215033502902,0.0,0.5108215033502902,0.0,21.864713668823242,646.01611328125,457.35792160219034
81,1.2318723976612092,0.5151001155376435,1.2314769983291627,0.0003953956300406051,0.0,1.0400543670388747,0.5136022427757485,0.0,0.5136022427757485,0.0,22.019612312316895,646.01611328125,454.14060239409383
82,1.2242640435695649,0.516739872097969,1.223870611190796,0.0003934213833426818,0.0,1.040859677168128,0.5136168914470488,0.0,0.5136168914470488,0.0,22.09385585784912,646.01611328125,452.61452162716876
83,1.2315102159976958,0.5173688143491745,1.2311200857162476,0.00039013341884184323,0.0,1.0446613035536851,0.5155574673601848,0.0,0.5155574673601848,0.0,21.717897176742554,646.01611328125,460.4497350097451
84,1.246177077293396,0.5169566154479981,1.2457820117473601,0.0003950769547376166,0.0,1.0538128086210163,0.5158821003056034,0.0,0.5158821003056034,0.0,22.094640731811523,646.01611328125,452.59844327779246
85,1.239205116033554,0.5172659516334533,1.2388130009174347,0.0003921147406801935,0.0,1.0487216788977745,0.5159727127875312,0.0,0.5159727127875312,0.0,21.764509201049805,646.01611328125,459.46361149819325
86,1.2382660031318664,0.5177812695503234,1.237891471385956,0.00037452750257230093,0.0,1.0506673334008556,0.5163189223257162,0.0,0.5163189223257162,0.0,21.96464467048645,646.01611328125,455.27711237855095
87,1.225628536939621,0.518538972735405,1.2252275705337525,0.00040096823358922346,0.0,1.0548093692731049,0.5151406078448307,0.0,0.5151406078448307,0.0,21.839655876159668,646.01611328125,457.8826725432096
88,1.224622941017151,0.5193704187870025,1.2242314636707305,0.0003914773958968862,0.0,1.0524076455730502,0.5172020603900382,0.0,0.5172020603900382,0.0,22.02622938156128,646.01611328125,454.0041705173222
89,1.2229717195034027,0.518947359919548,1.2226085305213927,0.00036317850754137755,0.0,1.0532325174271628,0.5164622784238173,0.0,0.5164622784238173,0.0,21.793269634246826,646.01611328125,458.8572604216118
90,1.2225501894950868,0.5202683657407761,1.222183930873871,0.00036626373184849996,0.0,1.0541050943566292,0.5183531518565541,0.0,0.5183531518565541,0.0,21.878701210021973,646.01611328125,457.0655224917694
91,1.2328463971614838,0.5200043052434922,1.2324905812740325,0.0003558184689609799,0.0,1.0680097074543304,0.5150911814508369,0.0,0.5150911814508369,0.0,22.094629526138306,646.01611328125,452.59867282091506
92,1.248384690284729,0.5189846873283386,1.2480376780033111,0.0003470061463304384,0.0,1.061632364627524,0.5155095294226169,0.0,0.5155095294226169,0.0,22.004173517227173,646.01611328125,454.45924120580815
93,1.228892308473587,0.5205615758895874,1.2285492181777955,0.0003430914075580222,0.0,1.0586789013687115,0.5165482830193083,0.0,0.5165482830193083,0.0,22.28789472579956,646.01611328125,448.67405033210275
94,1.2213627219200134,0.5211802661418915,1.2210253715515136,0.00033734782773539855,0.0,1.0537379144467685,0.5191638391762611,0.0,0.5191638391762611,0.0,21.82436776161194,646.01611328125,458.203422396022
95,1.223804634809494,0.5218542367219925,1.223474806547165,0.000329830823466233,0.0,1.0598032972425873,0.5156723212531923,0.0,0.5156723212531923,0.0,22.052640914916992,646.01611328125,453.4604285528331
96,1.2425496339797975,0.5208541810512543,1.2422416806221008,0.0003079492453253171,0.0,1.0525835644246302,0.5184778353925479,0.0,0.5184778353925479,0.0,21.907554149627686,646.01611328125,456.4635527864231
97,1.2297816216945647,0.5224092960357666,1.2294372916221619,0.0003443310328294035,0.0,1.0504868769472506,0.5194404965162854,0.0,0.5194404965162854,0.0,22.171610355377197,646.01611328125,451.02722985453954
98,1.2260088980197907,0.5233965635299682,1.2256853461265564,0.00032355306902903745,0.0,1.051644441001929,0.5200526284247853,0.0,0.5200526284247853,0.0,21.865246295928955,646.01611328125,457.3467805785421
99,1.2284402549266815,0.5232259094715118,1.228121429681778,0.0003188293703715783,0.0,1.0522341472761971,0.5202487986399533,0.0,0.5202487986399533,0.0,22.26311707496643,646.01611328125,449.17340039703663
100,1.2344048023223877,0.5229681670665741,1.2340832233428956,0.00032158311514656347,0.0,1.0561455776847304,0.5185352327892913,0.0,0.5185352327892913,0.0,21.857369422912598,646.01611328125,457.5115974165318
101,1.2354668855667115,0.5230659455060959,1.235153114795685,0.00031377017294292707,0.0,1.0549306178208413,0.520377882889339,0.0,0.520377882889339,0.0,22.06410241127014,646.01611328125,453.2248724014303
102,1.2348779439926147,0.5236723363399506,1.2345411658287049,0.0003367624449311247,0.0,1.0578941164524733,0.5197311563295545,0.0,0.5197311563295545,0.0,22.15073871612549,646.01611328125,451.4522124140317
103,1.239679741859436,0.5238129496574402,1.2393330216407776,0.00034671844914558746,0.0,1.0626493503337333,0.5194514693272894,0.0,0.5194514693272894,0.0,21.615130186080933,646.01611328125,462.63889756442467
104,1.2340431272983552,0.524193999171257,1.233715558052063,0.00032756201399026564,0.0,1.0585807216946785,0.5212340318117534,0.0,0.5212340318117534,0.0,21.80649971961975,646.01611328125,458.5788699963982
105,1.2239035367965698,0.5249347567558289,1.2235306560993195,0.00037287873274184484,0.0,1.06542389026277,0.5211864390904332,0.0,0.5211864390904332,0.0,22.132763862609863,646.01611328125,451.8188538076606
106,1.225731325149536,0.5253711402416229,1.225367134809494,0.00036420222313611434,0.0,1.066595514807805,0.5214320131854918,0.0,0.5214320131854918,0.0,21.709816455841064,646.01611328125,460.62112134114716
107,1.2288873970508576,0.5251201748847961,1.2285497069358826,0.0003376964130438984,0.0,1.0687210535310372,0.5213708303165205,0.0,0.5213708303165205,0.0,21.892135858535767,646.01611328125,456.78503297342684
108,1.237284880876541,0.5241723537445069,1.2369682133197784,0.00031665976275690327,0.0,1.0781491759614275,0.5185853110820271,0.0,0.5185853110820271,0.0,21.899951219558716,646.01611328125,456.62202165405097
109,1.2460500180721283,0.5233245462179184,1.245697170495987,0.00035284963960294566,0.0,1.0736509212281455,0.5216962534925262,0.0,0.5216962534925262,0.0,21.928438186645508,646.01611328125,456.028829544734
110,1.2325000584125518,0.5236947506666183,1.2321701765060424,0.0003298824929515918,0.0,1.0837664319874298,0.5203592876112201,0.0,0.5203592876112201,0.0,22.080605268478394,646.01611328125,452.8861359736229
111,1.2425266265869142,0.5239026844501495,1.2421753227710723,0.0003512992843752743,0.0,1.0873701282332653,0.521142186394038,0.0,0.521142186394038,0.0,21.742987871170044,646.01611328125,459.91839112688956
112,1.2384081125259399,0.5236749649047852,1.2380724549293518,0.0003356670087669059,0.0,1.0915895023588407,0.5200595725823834,0.0,0.5200595725823834,0.0,22.106403589248657,646.01611328125,452.3576148253917
113,1.221019208431244,0.5244822233915329,1.220662146806717,0.00035705572227016257,0.0,1.094297158949023,0.5230566858523694,0.0,0.5230566858523694,0.0,21.864702701568604,646.01611328125,457.35815101124547
114,1.215786385536194,0.5254452735185623,1.2154495418071747,0.00033685217495076433,0.0,1.0968607309078189,0.5217626375522798,0.0,0.5217626375522798,0.0,21.90749502182007,646.01611328125,456.46478477068723
115,1.2166013658046722,0.5251479804515838,1.2162712574005128,0.0003301019896753138,0.0,1.0985254919557825,0.5228278114489724,0.0,0.5228278114489724,0.0,22.140689611434937,646.01611328125,451.65711527048956
116,1.2122519254684447,0.5255873680114747,1.2119268596172332,0.0003250721871154387,0.0,1.0981410181839877,0.5222871513545657,0.0,0.5222871513545657,0.0,21.75639843940735,646.01611328125,459.6348990321398
117,1.2153637826442718,0.5263300865888596,1.2150356233119965,0.0003281667392002421,0.0,1.0960959642043124,0.5244168254567116,0.0,0.5244168254567116,0.0,21.990806579589844,646.01611328125,454.73548065677693
118,1.219775027036667,0.5257441580295563,1.2194802284240722,0.0002947908971691506,0.0,1.0924393279211861,0.5224513638106154,0.0,0.5224513638106154,0.0,21.8225576877594,646.01611328125,458.2414281167945
119,1.2265822649002076,0.526608344912529,1.2262912571430207,0.00029100911924615516,0.0,1.0868383612817483,0.5239458632526905,0.0,0.5239458632526905,0.0,22.036406755447388,646.01611328125,453.7944915873367
120,1.2220129013061523,0.527100658416748,1.2217403829097748,0.0002725164376897738,0.0,1.0842701332332436,0.5244666238385309,0.0,0.5244666238385309,0.0,22.07247495651245,646.01611328125,453.05295485450375
121,1.2282324314117432,0.5277925431728363,1.2279807806015015,0.0002516538050258533,0.0,1.0824109528024317,0.5248600624086782,0.0,0.5248600624086782,0.0,21.553627729415894,646.01611328125,463.9590200563885
122,1.2238821387290955,0.5288472473621368,1.2236384630203248,0.00024367324804188683,0.0,1.0808871854592754,0.5248465662862718,0.0,0.5248465662862718,0.0,21.683064222335815,646.01611328125,461.1894286462961
123,1.2297005951404572,0.5292940497398376,1.229465276002884,0.00023532208433607593,0.0,1.0796763517377452,0.5252277133828502,0.0,0.5252277133828502,0.0,22.015608072280884,646.01611328125,454.2232023375573
124,1.2292681336402893,0.5293872326612472,1.2290565609931945,0.00021156619623070584,0.0,1.075492227192941,0.5259365072839196,0.0,0.5259365072839196,0.0,21.385401487350464,646.01611328125,467.6087098909522
125,1.235937476158142,0.5296572744846344,1.235693770647049,0.00024370966420974582,0.0,1.0737823314297286,0.5264238342101579,0.0,0.5264238342101579,0.0,21.358712673187256,646.01611328125,468.1930111150163
126,1.2343280017375946,0.5301824539899826,1.2341069757938385,0.00022103234077803792,0.0,1.074967552039583,0.5264441746920708,0.0,0.5264441746920708,0.0,21.744542837142944,646.01611328125,459.8855020726625
127,1.2619451045989991,0.5279438197612762,1.261701261997223,0.000243839030736126,0.0,1.0851059303445332,0.524561845144983,0.0,0.524561845144983,0.0,21.985924005508423,646.01611328125,454.8364670729585
128,1.246980607509613,0.5279139995574951,1.2467124342918396,0.00026817460093297996,0.0,1.0856000072442302,0.5241763454661242,0.0,0.5241763454661242,0.0,21.773016929626465,646.01611328125,459.2840777335288
129,1.2391501665115356,0.5288192749023437,1.2389590680599212,0.00019108175329165533,0.0,1.0823857611085832,0.5248859412156353,0.0,0.5248859412156353,0.0,22.127674102783203,646.01611328125,451.92278020500163
130,1.2380542576313018,0.5295737385749817,1.237819755077362,0.000234509447182063,0.0,1.080389934215361,0.5259145928352855,0.0,0.5259145928352855,0.0,21.877541303634644,646.01611328125,457.0897552522797
131,1.233232593536377,0.5295552283525466,1.2330572128295898,0.00017537740495754406,0.0,1.071576107356508,0.5268439317875278,0.0,0.5268439317875278,0.0,22.090062618255615,646.01611328125,452.69224324134893
132,1.2324280381202697,0.530370682477951,1.2322163462638855,0.00021169491737964562,0.0,1.0706116923697058,0.5266296079891934,0.0,0.5266296079891934,0.0,21.832757711410522,646.01611328125,458.0273427746449
133,1.2258036851882934,0.5312086254358291,1.2256478905677795,0.00015579283790430055,0.0,1.0703879044939184,0.5262934307209227,0.0,0.5262934307209227,0.0,22.105156898498535,646.01611328125,452.38312697428705
134,1.2288604855537415,0.5314064741134643,1.2286939382553101,0.0001665488183789421,0.0,1.0651917489331224,0.5269651140918454,0.0,0.5269651140918454,0.0,21.87138557434082,646.01611328125,457.21840374538726
135,1.2198586165904999,0.5319911003112793,1.2197104692459106,0.00014815009053563698,0.0,1.0604889329351466,0.5272004593515511,0.0,0.5272004593515511,0.0,22.129962921142578,646.01611328125,451.876039541222
136,1.2135793745517731,0.5325341314077378,1.2134323716163635,0.00014699949533678592,0.0,1.0527848393518757,0.5311666434815663,0.0,0.5311666434815663,0.0,21.80196452140808,646.01611328125,458.67426259595385
137,1.1986022174358368,0.5333022147417068,1.1984426140785218,0.0001596071873791516,0.0,1.0574139362386006,0.5276693944203652,0.0,0.5276693944203652,0.0,21.851402521133423,646.01611328125,457.63652883738575
138,1.1908832848072053,0.5341035425662994,1.1907733500003814,0.00010993191935995127,0.0,1.058123867823483,0.5296879658254526,0.0,0.5296879658254526,0.0,21.894794940948486,646.01611328125,456.72955727471174
139,1.1799011468887328,0.534712278842926,1.179802793264389,9.835678720264696e-05,0.0,1.0519385177633087,0.5326837272390038,0.0,0.5326837272390038,0.0,21.879584074020386,646.01611328125,457.04707942204016
140,1.1739559292793273,0.5356428146362304,1.1738526165485381,0.00010331242119718809,0.0,1.0445918013628113,0.5318629095831449,0.0,0.5318629095831449,0.0,21.874754428863525,646.01611328125,457.1479891360562
141,1.1705104053020476,0.5358753502368927,1.1704213619232178,8.904694841476158e-05,0.0,1.0472113200019115,0.530786335684774,0.0,0.530786335684774,0.0,21.89520502090454,646.01611328125,456.7210030896014
142,1.1684957146644592,0.5368269711732865,1.168391340970993,0.0001043735617713537,0.0,1.039445661603683,0.5329188093290491,0.0,0.5329188093290491,0.0,22.011266946792603,646.01611328125,454.31278554627505
143,1.1579324901103973,0.5374255776405334,1.1578404426574707,9.204936577589251e-05,0.0,1.0348741010949918,0.5343561744718806,0.0,0.5343561744718806,0.0,21.83573317527771,646.01611328125,457.9649293077982
144,1.1497911751270293,0.5392988592386245,1.1497075140476227,8.366449728782754e-05,0.0,1.0339748609729886,0.5342050341226287,0.0,0.5342050341226287,0.0,22.11245584487915,646.01611328125,452.23380298194337
145,1.1445389926433562,0.5398251831531524,1.1444557666778565,8.322788053192199e-05,0.0,1.0321631192728047,0.5340218087951438,0.0,0.5340218087951438,0.0,21.749857664108276,646.01611328125,459.7731237801179
146,1.152770209312439,0.5387524604797364,1.1526832640171052,8.694662719790358e-05,0.0,1.0332304748726815,0.5355304112301612,0.0,0.5355304112301612,0.0,22.04938292503357,646.01611328125,453.5274313117665
147,1.1478503942489624,0.5396328955888748,1.1477546453475953,9.574805571901379e-05,0.0,1.0284202186160745,0.537254031431877,0.0,0.537254031431877,0.0,21.856886625289917,646.01611328125,457.52170340808345
148,1.1343877196311951,0.5409752786159515,1.13431778550148,6.992786511546e-05,0.0,1.0254122729595867,0.5362096982342857,0.0,0.5362096982342857,0.0,22.137386560440063,646.01611328125,451.724505632033
149,1.135956084728241,0.542010697722435,1.1358741700649262,8.19222736026859e-05,0.0,1.018310994054157,0.537660676111032,0.0,0.537660676111032,0.0,21.866737604141235,646.01611328125,457.31558959696616
150,1.1349934577941894,0.5427982181310653,1.1349201381206513,7.331594788411167e-05,0.0,1.02009529495932,0.5378483939401751,0.0,0.5378483939401751,0.0,22.164799451828003,646.01611328125,451.16582361746873
151,1.1336155891418458,0.542564132809639,1.1335547327995301,6.084411652409472e-05,0.0,1.0185536224097373,0.5389917648733383,0.0,0.5389917648733383,0.0,21.85142946243286,646.01611328125,457.63596460323447
152,1.1362326860427856,0.5433546602725983,1.136158674955368,7.401423954433994e-05,0.0,1.0155098952046318,0.5400031867818162,0.0,0.5400031867818162,0.0,21.872112035751343,646.01611328125,457.20321767072016
153,1.1282600820064546,0.5439915746450424,1.1282037198543549,5.635629095195327e-05,0.0,1.0148657659208515,0.5397638352384867,0.0,0.5397638352384867,0.0,21.997877836227417,646.01611328125,454.58930513430727
154,1.1217604368925094,0.5450646162033081,1.121705746650696,5.468712879519444e-05,0.0,1.0080811905225888,0.5409732246658704,0.0,0.5409732246658704,0.0,21.89706540107727,646.01611328125,456.6821999585401
155,1.1223814994096757,0.5456451624631882,1.1223267763853073,5.472775956150144e-05,0.0,1.0055712436215352,0.5413536079426366,0.0,0.5413536079426366,0.0,22.072325468063354,646.01611328125,453.0560232300439
156,1.119681143760681,0.545874360203743,1.1196261793375015,5.496641315403394e-05,0.0,1.0039544216657088,0.5414771719792854,0.0,0.5414771719792854,0.0,22.01948857307434,646.01611328125,454.143154452193
157,1.1091382414102555,0.5478816121816635,1.109090107679367,4.813222767552361e-05,0.0,1.001023238204582,0.5434808328423026,0.0,0.5434808328423026,0.0,22.109978675842285,646.01611328125,452.2844705827853
158,1.1039722353219985,0.5485992312431336,1.103932636976242,3.960142239520792e-05,0.0,0.9989137905706216,0.5440910262287962,0.0,0.5440910262287962,0.0,21.960292100906372,646.01611328125,455.3673491249813
159,1.0949674487113952,0.5494619011878967,1.0949239015579224,4.354186203272548e-05,0.0,0.9963258341784628,0.5461822676023618,0.0,0.5461822676023618,0.0,21.98810577392578,646.01611328125,454.79133595301914
160,1.0911413133144379,0.5501798212528228,1.0911030739545822,3.823809911409626e-05,0.0,0.999789271025623,0.5442687755058233,0.0,0.5442687755058233,0.0,22.046350479125977,646.01611328125,453.5898134010091
161,1.0971119791269301,0.5499325871467591,1.0970640182495117,4.795762597495923e-05,0.0,0.9971213607031842,0.5447192394848885,0.0,0.5447192394848885,0.0,22.118690490722656,646.01611328125,452.106330806263
162,1.0935437709093094,0.5506649285554885,1.093502026796341,4.174501846136991e-05,0.0,0.9932318207138099,0.5468775360116659,0.0,0.5468775360116659,0.0,22.034423112869263,646.01611328125,453.8353443054052
163,1.0850770324468613,0.5519958734512329,1.085037398338318,3.9640663635509556e-05,0.0,0.9920318745816302,0.5461733231532949,0.0,0.5461733231532949,0.0,22.05093741416931,646.01611328125,453.49545972473175
164,1.08035589158535,0.5529359430074692,1.0803119540214539,4.3934149834967685e-05,0.0,0.98850749479945,0.5480269722586394,0.0,0.5480269722586394,0.0,22.11977982521057,646.01611328125,452.0840658912302
165,1.084717270731926,0.5531132489442825,1.0846686661243439,4.8605180109007054e-05,0.0,0.9950943278919987,0.545989645595412,0.0,0.545989645595412,0.0,22.112077951431274,646.01611328125,452.2415316174624
166,1.0992291867733002,0.5507734328508377,1.0991756051778794,5.3584011948260016e-05,0.0,0.9922911831455138,0.5482730218198051,0.0,0.5482730218198051,0.0,21.949615955352783,646.01611328125,455.58883674050486
167,1.0788737267255784,0.5539881408214569,1.0788217306137085,5.199445058678975e-05,0.0,0.9864622904371119,0.5490143722685429,0.0,0.5490143722685429,0.0,22.104942083358765,646.01611328125,452.38752321944725
168,1.0737366944551467,0.554864689707756,1.073685160279274,5.153073143446818e-05,0.0,0.9862235043441412,0.5482313145159521,0.0,0.5482313145159521,0.0,22.113836765289307,646.01611328125,452.2055627948004
169,1.0770374953746795,0.5552540570497513,1.076995748281479,4.174843388682348e-05,0.0,0.9845661678268026,0.5502963364124298,0.0,0.5502963364124298,0.0,22.112182140350342,646.01611328125,452.2394007306943
170,1.071051999926567,0.5559235215187073,1.0710122495889665,3.975529780291254e-05,0.0,0.9796507735950895,0.5505537496784986,0.0,0.5505537496784986,0.0,22.05573797225952,646.01611328125,453.3967538323788
171,1.0627398014068603,0.5575528502464294,1.0627011835575104,3.8617046993749685e-05,0.0,0.9754534069331449,0.5522835572897378,0.0,0.5522835572897378,0.0,22.13301968574524,646.01611328125,451.8136314874601
172,1.059004193544388,0.558930304646492,1.0589665800333024,3.7617784619214946e-05,0.0,0.974634599310434,0.5521086201829425,0.0,0.5521086201829425,0.0,22.037050247192383,646.01611328125,453.7812405847758
173,1.072872456908226,0.556375315785408,1.0728314459323882,4.1015209899342156e-05,0.0,0.9764424394320056,0.5514893892602251,0.0,0.5514893892602251,0.0,22.070478677749634,646.01611328125,453.09393357569115
174,1.0642672538757325,0.5590113013982773,1.0642268061637878,4.044863690069178e-05,0.0,0.9730286443060304,0.5516819492090701,0.0,0.5516819492090701,0.0,22.066707372665405,646.01611328125,453.17136948067093
175,1.0627070933580398,0.5593394756317138,1.062671458721161,3.5634200321510436e-05,0.0,0.9707475241823866,0.5536855845994002,0.0,0.5536855845994002,0.0,22.074547290802002,646.01611328125,453.01042273998473
176,1.0785387873649597,0.558006277680397,1.0784961193799973,4.2666786794143266e-05,0.0,0.9736245379176613,0.5520703565266173,0.0,0.5520703565266173,0.0,22.054859399795532,646.01611328125,453.41481524442224
177,1.0684189289808272,0.5580928862094879,1.0683671981096268,5.1733073087234514e-05,0.0,0.9720207357522073,0.5535678953004518,0.0,0.5535678953004518,0.0,22.070252180099487,646.01611328125,453.098583486821
178,1.062020120024681,0.5598345756530761,1.0619789004325866,4.12167781178141e-05,0.0,0.9685117772647313,0.5546027231447345,0.0,0.5546027231447345,0.0,22.12119722366333,646.01611328125,452.05509895743216
179,1.0547810047864914,0.5607258826494217,1.0547306656837463,5.033995075791609e-05,0.0,0.9663180101293051,0.5552352332751341,0.0,0.5552352332751341,0.0,22.11366105079651,646.01611328125,452.2091560067487
180,1.0468054383993148,0.5619749188423157,1.0467685908079147,3.68468283340917e-05,0.0,0.9636360563464084,0.5550861894795739,0.0,0.5550861894795739,0.0,22.04183077812195,646.01611328125,453.682822477963
181,1.0452203691005706,0.5633111536502838,1.0451828807592392,3.7483468622667716e-05,0.0,0.9608999460430468,0.556376757402397,0.0,0.556376757402397,0.0,22.030643224716187,646.01611328125,453.91321070376176
182,1.0405199468135833,0.5640470743179321,1.0404836058616638,3.634050262917299e-05,0.0,0.9586505124268752,0.5573856941724228,0.0,0.5573856941724228,0.0,22.11412787437439,646.01611328125,452.19960998723764
183,1.0424801260232925,0.5637106329202652,1.0424487203359605,3.140503504255321e-05,0.0,0.9597679323924945,0.5562169080640733,0.0,0.5562169080640733,0.0,22.11019730567932,646.01611328125,452.279998307901
184,1.0349776983261108,0.5645989120006562,1.0349437952041627,3.389919147593901e-05,0.0,0.9543719818459296,0.5592069622246463,0.0,0.5592069622246463,0.0,22.072699785232544,646.01611328125,453.04834013510083
185,1.032321485877037,0.5657037675380707,1.032286164164543,3.532241453285678e-05,0.0,0.9528164393821005,0.5599048141272824,0.0,0.5599048141272824,0.0,22.074371576309204,646.01611328125,453.01402875415323
186,1.0460271000862122,0.5640943795442581,1.045986133813858,4.0967267887026536e-05,0.0,0.9541330696162531,0.5579469727834836,0.0,0.5579469727834836,0.0,22.06941246986389,646.01611328125,453.11582325334433
187,1.0390413850545883,0.5654340028762818,1.0390018373727798,3.954916883230908e-05,0.0,0.9498436687644977,0.5598948833151534,0.0,0.5598948833151534,0.0,22.100948810577393,646.01611328125,452.46926209855997
188,1.039769560098648,0.5661749988794327,1.0397378772497177,3.168409821228124e-05,0.0,0.9474392998738093,0.5609541762683351,0.0,0.5609541762683351,0.0,22.010936498641968,646.01611328125,454.31960610203845
189,1.0397260248661042,0.5667623668909073,1.039686718583107,3.930825741917943e-05,0.0,0.946041895387825,0.5608431642049738,0.0,0.5608431642049738,0.0,22.09671425819397,646.01611328125,452.5559720396787
190,1.0299350321292877,0.5680684119462966,1.0299019038677215,3.312758208267042e-05,0.0,0.9426866614645387,0.5629301280432695,0.0,0.5629301280432695,0.0,22.028311252593994,646.01611328125,453.96126309148764
191,1.0346550226211548,0.5675066828727722,1.0346245646476746,3.045677794943913e-05,0.0,0.9433382792132241,0.5610715864501334,0.0,0.5610715864501334,0.0,22.032407760620117,646.01611328125,453.87685761125107
192,1.031200048327446,0.5682471811771392,1.031171989440918,2.805590684147319e-05,0.0,0.9394337412231483,0.5636066725842889,0.0,0.5636066725842889,0.0,22.034018516540527,646.01611328125,453.8436777881977
193,1.0257439732551574,0.5692315965890884,1.0257211595773696,2.2809755864727777e-05,0.0,0.947479454353993,0.5587945655529494,0.0,0.5587945655529494,0.0,22.020187854766846,646.01611328125,454.12873250467015
194,1.0341600954532624,0.568811959028244,1.0341266125440598,3.347898928041104e-05,0.0,0.9427210231814488,0.562711059469865,0.0,0.562711059469865,0.0,22.029710292816162,646.01611328125,453.93243338569806
195,1.0268587917089462,0.5698812663555145,1.0268232941627502,3.549440898495959e-05,0.0,0.9385879675499175,0.5646288942626833,0.0,0.5646288942626833,0.0,22.034213304519653,646.01611328125,453.83966569611096
196,1.0173465371131898,0.5719494163990021,1.0173233956098557,2.314156536158407e-05,0.0,0.9401485799444212,0.563265369244407,0.0,0.563265369244407,0.0,22.093200206756592,646.01611328125,452.62795368784003
197,1.0322310477495193,0.5695654094219208,1.0321984142065048,3.263028320361627e-05,0.0,0.9410012113990276,0.5617069011739033,0.0,0.5617069011739033,0.0,22.035303354263306,646.01611328125,453.8172150039967
198,1.0244418144226075,0.5705761432647705,1.024413025379181,2.879319631574617e-05,0.0,0.9377165523337394,0.5659830131484579,0.0,0.5659830131484579,0.0,22.01992130279541,646.01611328125,454.1342297499723
199,1.0184595048427583,0.5716826260089874,1.0184388965368272,2.060693777821143e-05,0.0,0.9371163938871019,0.5651105804680047,0.0,0.5651105804680047,0.0,22.102810621261597,646.01611328125,452.43114875085575
200,1.0131442993879318,0.5727721691131592,1.0131196707487107,2.4625914738862777e-05,0.0,0.9369386412185272,0.5659260497976446,0.0,0.5659260497976446,0.0,22.10279107093811,646.01611328125,452.4315489344925
