Epoch,Train Total Loss,Train Token Acc,Train CE Loss,Train Halt Loss,Train JEPA Raw,Train JEPA Weighted,Train Halt Acc,Test CE Loss,Test Token Acc,Test Puzzle Acc,Eval Token Acc,Eval Puzzle Acc,Epoch Time (s),Peak GPU MB,Throughput (examples/s)
1,2.2065869027918037,0.17125984010371295,2.205640359358354,0.9398488781668923,1.3485551801594822,6.7427757089304085e-06,0.0,2.1679919051777654,0.2917751123988888,0.0,,,44.167460441589355,3602.33447265625,113.22815371315562
2,2.0673765420913695,0.34365667700767516,2.0671955347061157,0.1739303663664032,1.4139208376407624,7.069603998388629e-06,0.0,1.8729825299819503,0.3824821748470856,0.0,,,43.242223501205444,3642.755859375,231.2554533584804
3,1.9070239305496215,0.3828444167971611,1.906894427537918,0.12091192468360532,1.7131827235221864,8.565913321945118e-06,0.0,1.629619395184459,0.389055937131727,0.0,,,44.21227502822876,3642.755859375,226.1815297587644
4,1.7878699123859405,0.3896340250968933,1.7877668261528015,0.08785733919648919,3.0396772623062134,1.5198385972325923e-05,0.0,1.5666088261269484,0.3918031337546956,0.0,,,45.610921144485474,3642.755859375,219.24573652705183
5,1.6852087736129762,0.3920864284038544,1.6851196527481078,0.06709702705484233,4.410557556152344,2.2052787426218855e-05,0.0,1.5416618275296023,0.39266243537315154,0.0,,,43.79342079162598,3642.755859375,228.34480200989836
6,1.6495226204395295,0.39239378869533537,1.6494440019130707,0.05072542002299087,5.580917692184448,2.7904587659577375e-05,0.0,1.5295892600285805,0.3917523508859893,0.0,,,45.25270199775696,3642.755859375,220.9812797586246
7,1.5842207312583922,0.39497812688350675,1.5841470181941986,0.04036973735173888,6.667318344116211,3.333659115014598e-05,0.0,1.5208557261104445,0.39581417525074386,0.0,,,44.490978479385376,3642.755859375,224.76466784459325
8,1.562410593032837,0.39765753149986266,1.5623397886753083,0.031035688700842456,7.9520463943481445,3.976023108407389e-05,0.0,1.5148563862712852,0.39948027914719203,0.0,,,45.31237196922302,3642.755859375,220.69027873429755
9,1.554544562101364,0.399921415746212,1.5544750213623046,0.02451116735811354,9.007107830047607,4.503553791437298e-05,0.0,1.5129013342949726,0.4000713507358445,0.0,,,44.94631791114807,3642.755859375,222.48763557825706
10,1.555046260356903,0.40160354375839236,1.554975962638855,0.02117213011399599,9.821369552612305,4.9106846563518045e-05,0.0,1.5105335291015034,0.40065985438177143,0.0,,,45.3795371055603,3642.755859375,220.3636404826772
11,1.552253818511963,0.403756657242775,1.5521822929382325,0.019082846871719995,10.485604763031006,5.242802253633272e-05,0.0,1.508637206895011,0.40315222148456525,0.0,,,44.63726735115051,3642.755859375,224.02805085115168
12,1.551156210899353,0.4062591329216957,1.551083642244339,0.017148470572200127,11.086185741424561,5.543092738662381e-05,0.0,1.5072385481137052,0.4047492595330855,0.0,,,45.16743493080139,3642.755859375,221.39844813681503
13,1.5536982476711274,0.40772358179092405,1.5536222219467164,0.01781002686498141,11.643443202972412,5.821721460961271e-05,0.0,1.5043218132947316,0.40682372223522706,0.0,,,45.49482321739197,3642.755859375,219.80522821719975
14,1.5612392902374268,0.410971337556839,1.5611602783203125,0.018148673061099886,12.172295570373535,6.0861475867568514e-05,0.0,1.4996368058079956,0.40985629395480305,0.0,,,44.649941205978394,3642.755859375,223.96446064437487
15,1.565371710062027,0.41491380929946897,1.5652907371520997,0.01759654722417068,12.673268890380859,6.336634323815815e-05,0.0,1.4926511326367284,0.41457141838408557,0.0,,,45.05438566207886,3642.755859375,221.95397524678154
16,1.5821986615657806,0.4205049365758896,1.5821155726909637,0.017813167258375985,13.052756595611573,6.526378128910438e-05,0.0,1.4791843009341428,0.4220287503615996,0.0,,,44.808685302734375,3642.755859375,223.17101991362748
17,1.6069440186023711,0.43134898841381075,1.6068527460098267,0.025580904536408867,13.135793495178223,6.567896562046372e-05,0.0,1.4470171426168077,0.43537391134093517,0.0,,,45.869378089904785,3642.755859375,218.0103680586169
18,1.664828395843506,0.4458629757165909,1.664696592092514,0.06911622924403674,12.535278701782227,6.267639109864831e-05,0.0,1.4017537585470925,0.44973362971449016,0.0,,,44.362502336502075,3642.9931640625,225.25780724000373
19,1.6611262738704682,0.4617959722876549,1.6609478831291198,0.11628576115617761,12.419275951385497,6.209637722349725e-05,0.0,1.3429199464384638,0.46695555490385243,0.0,,,45.60374641418457,3642.755859375,218.88552552987628
20,1.5759825527667999,0.4765881597995758,1.5757709681987762,0.1479051028210961,12.739101123809814,6.3695503922645e-05,0.0,1.277867267264581,0.48038964958514196,0.0,,,44.92569422721863,3642.9140625,220.11902476086084
21,1.5004371762275697,0.49208185225725176,1.500233107805252,0.13568868953443597,13.6768798828125,6.838439730927348e-05,0.0,1.2124696275801117,0.4968970638787775,0.0,,,45.958160638809204,3641.755859375,217.28458800780112
22,1.4203635692596435,0.5095772564411163,1.4202013790607453,0.084556473442899,15.524990272521972,7.762494860799051e-05,0.0,1.1377613701774192,0.514869277904455,0.0,,,44.197307109832764,3641.755859375,226.2581286943443
23,1.34862819314003,0.524047115445137,1.3484784603118896,0.06093605127449564,17.760490226745606,8.88024500454776e-05,0.0,1.0972534100599496,0.523685390449898,0.0,,,44.994128704071045,3641.755859375,222.25122005963425
24,1.3154271245002747,0.5341110944747924,1.315291053056717,0.03851896778214723,19.511106872558592,9.755553255672567e-05,0.0,1.0588813255254639,0.5349931820108584,0.0,,,44.42264223098755,3641.755859375,225.11042787599834
25,1.2829321563243865,0.5431825011968613,1.2827956914901733,0.029599233053190233,21.372962951660156,0.00010686481255106628,0.0,1.0289370810148502,0.5427601838227334,0.0,,,45.38987636566162,3641.755859375,220.31344433370623
26,1.2800262987613678,0.547334173321724,1.2798885703086853,0.022571982717236948,23.030613899230957,0.00011515306614455767,0.0,1.0125151399983043,0.5489045398864562,0.0,,,44.12938690185547,3641.755859375,226.60636600821525
27,1.2403481632471085,0.5543729215860367,1.2402084439992904,0.018141659407680776,24.3136417388916,0.00012156820594100282,0.0,1.0041330093765952,0.5490074933441152,0.0,,,44.98940849304199,3641.755859375,222.27453827374922
28,1.2280132800340653,0.557908347249031,1.2278688579797745,0.015663354976331333,25.75164337158203,0.0001287582126678899,0.0,0.9944476577617931,0.5498511636083986,0.0,,,44.664103984832764,3641.755859375,223.89344255950695
29,1.2291422963142395,0.5610756576061249,1.2289916932582856,0.015084997452451177,27.1033145904541,0.0001355165702989325,0.0,0.9850011470820078,0.5541274650766543,0.0,,,44.85634517669678,3641.755859375,222.93390066908702
30,1.2186347842216492,0.5641027122735978,1.2184811741113664,0.012231249177785309,28.27938766479492,0.00014139693230390548,0.0,0.9765382780722787,0.5571885870241946,0.0,,,44.78725481033325,3641.755859375,223.27780620509955
31,1.2131170958280564,0.5666527509689331,1.212957489490509,0.011959064804762231,29.529195976257324,0.00014764597726752983,0.0,0.9690166015457587,0.5587438059921126,0.0,,,44.69727945327759,3641.755859375,223.7272630978151
32,1.2123470902442932,0.5692543804645538,1.2121831446886062,0.010976849582133585,30.5945405960083,0.00015297270001610742,0.0,0.9660076895868518,0.561491999369268,0.0,,,44.57270312309265,3641.755859375,224.35255883817163
33,1.2124756455421448,0.5709185719490051,1.2123072266578674,0.011039010044153485,31.477521324157713,0.00015738760121166706,0.0,0.9594508781848751,0.5650346932919205,0.0,,,45.43240284919739,3641.755859375,220.1072224419374
34,1.2098647832870484,0.5724585562944412,1.209692406654358,0.010554508837322184,32.36550445556641,0.0001618275186046958,0.0,0.958646869688288,0.5649750965848096,0.0,,,43.86307716369629,3641.755859375,227.98218106495727
35,1.2048869192600251,0.5743676096200943,1.2047082006931304,0.01195778963396794,33.35327568054199,0.0001667663746047765,0.0,0.9519780291916383,0.5673386671063975,0.0,,,45.72031927108765,3641.755859375,218.72113229803588
36,1.2109727829694747,0.5754557758569717,1.2107890903949738,0.010941274386307941,34.5504035949707,0.00017275201244046912,0.0,0.9500698139101772,0.5661197695836028,0.0,,,44.88064980506897,3641.755859375,222.81317323686716
37,1.2335754692554475,0.5761350482702255,1.23338740170002,0.01270320898731847,35.07481002807617,0.00017537404492031782,0.0,0.9509281115583877,0.567622472601999,0.0,,,45.075559854507446,3641.755859375,221.8497126220391
38,1.2406341642141343,0.5758962333202362,1.240446987748146,0.011379026094805678,35.158962631225585,0.00017579481063876302,0.0,0.957019253230268,0.5670930733114986,0.0,,,45.272948026657104,3641.755859375,220.88245709362494
39,1.2127530455589295,0.577908706665039,1.2125647485256195,0.011241861505611439,35.40982322692871,0.00017704911151668058,0.0,0.9552918272070389,0.568892692249566,0.0,,,45.089354038238525,3641.755859375,221.7818421510184
40,1.2080325365066529,0.5799475073814392,1.207840359210968,0.012312547351969539,35.974145126342776,0.00017987071914831175,0.0,0.9485293666473601,0.5692434753257484,0.0,,,45.06524968147278,3641.755859375,221.90046811415314
41,1.2128598183393478,0.5805415391921998,1.2126641005277634,0.011342209801258196,36.875936126708986,0.00018437967664794997,0.0,0.9462311681332947,0.5705620533184624,0.0,,,45.94070291519165,3641.755859375,217.6718980216823
42,1.2242595553398132,0.5805581003427506,1.2240623831748962,0.01090841030298637,37.25182037353515,0.00018625909433467314,0.0,0.9476532635186544,0.5708690657309701,0.0,,,44.58635878562927,3641.755859375,224.2838453814964
43,1.222834476828575,0.5813602060079575,1.2226383358240127,0.009358529312462316,37.35791282653808,0.00018678955821087583,0.0,0.9474794109133197,0.5695764113569375,0.0,,,45.530465602874756,3641.755859375,219.63315919546864
44,1.2227781057357787,0.5822045028209686,1.222581961750984,0.007967249153912375,37.63771476745605,0.00018818856769939885,0.0,0.9441940506636086,0.5713952941409612,0.0,,,45.10611438751221,3641.755859375,221.69943334264536
45,1.22550989985466,0.5826500922441482,1.2253146797418595,0.006967583753691842,37.65124015808105,0.0001882561933598481,0.0,0.9442513278408143,0.5719170112153809,0.0,,,45.00503873825073,3641.755859375,222.197342350042
46,1.2302236884832383,0.5829703986644745,1.2300297379493714,0.006372309747156159,37.516653060913086,0.0001875832604127936,0.0,0.9426007945514476,0.5716342068757618,0.0,,,45.71191477775574,3641.755859375,218.76134589020072
47,1.2417708218097687,0.5836480855941772,1.2415789067745209,0.005194734446555175,37.345499420166014,0.00018672749283723533,0.0,0.9468244707468925,0.5689447343926741,0.0,,,44.55155825614929,3641.755859375,224.45904007453512
48,1.250765872001648,0.5832191944122315,1.2505772203207015,0.005046413537989275,36.72152557373047,0.00018360762478550897,0.0,0.9417970063611324,0.5724926826884614,0.0,,,46.102835178375244,3641.755859375,216.90639981921433
49,1.2434176355600357,0.5844928413629532,1.2432313472032548,0.0045825690458462,36.3414909362793,0.00018170744879171253,0.0,0.9416102632050364,0.5726123109423796,0.0,,,44.42671728134155,3641.755859375,225.08977957279382
50,1.2433923453092575,0.5856784164905549,1.2432088375091552,0.004985047222159243,35.70427055358887,0.00017852134624263272,0.0,0.9439033181124681,0.571202805486776,0.0,,,45.963233947753906,3641.755859375,217.56519594262952
51,1.2536414355039596,0.5851014643907547,1.2534606635570527,0.005677880003567298,35.01794357299805,0.00017508971359347925,0.0,0.9380457146548763,0.5721418001028297,0.0,,,44.64588451385498,3641.755859375,223.9848108933018
52,1.265475481748581,0.5847014605998992,1.2652970999479294,0.006594412129330693,34.35729141235352,0.0001717864550300874,0.0,0.9387869425749374,0.5725010267614452,0.0,,,45.428754806518555,3641.755859375,220.1248976026326
53,1.261557039618492,0.5854002892971039,1.2613814026117325,0.008091095780263641,33.50864486694336,0.00016754322132328525,0.0,0.9402190696529268,0.5721906238837623,0.0,,,45.19969153404236,3641.755859375,221.24044790147414
54,1.2628525465726852,0.5854139715433121,1.2626787066459655,0.010874738341558898,32.593915939331055,0.0001629695776500739,0.0,0.9390312610036236,0.5722472950563593,0.0,,,45.38834857940674,3641.755859375,220.320860154342
55,1.2621163517236709,0.5856878697872162,1.2619444221258163,0.01346652589007986,31.692226219177247,0.00015846112655708565,0.0,0.9419012032900249,0.572426311689774,0.0,,,45.47824692726135,3641.755859375,219.88534465706567
56,1.2544004529714585,0.585981211066246,1.2542299181222916,0.01609390665111281,30.887897872924803,0.00015443948650499805,0.0,0.941007255714107,0.5727165875365602,0.0,,,45.20384478569031,3641.755859375,221.22012070897102
57,1.251360711455345,0.5851169317960739,1.2511923253536223,0.01777428068961271,30.122055435180663,0.00015061027224874123,0.0,0.9445923038602742,0.5739755171551831,0.0,,,44.904380559921265,3641.755859375,222.6954224801255
58,1.2438465297222137,0.5860269457101822,1.243681436777115,0.017910449805305893,29.435522079467773,0.00014717760350322351,0.0,0.9447227492026498,0.5730554710433212,0.0,,,45.27175807952881,3641.755859375,220.88826288638978
59,1.2445069223642349,0.5854319751262664,1.2443427741527557,0.019137233091865012,29.00142478942871,0.0001450071213184856,0.0,0.9466256773500696,0.5731278665129267,0.0,,,45.9661808013916,3641.755859375,217.5512480187881
60,1.2422179281711578,0.5854219883680344,1.2420541614294052,0.01999192333163826,28.753558731079103,0.0001437677870853804,0.0,0.9537641981179142,0.5718714355267855,0.0,,,44.82069540023804,3641.755859375,223.11121928614457
61,1.2405440658330917,0.5839874088764191,1.2403834581375122,0.019310446195428453,28.26002445220947,0.00014130011841189115,0.0,0.9537884566310532,0.5714445740489636,0.0,,,45.477888107299805,3641.755859375,219.8870795496519
62,1.2687338083982467,0.5808748334646225,1.268575257062912,0.021665979140456072,27.377146339416505,0.00013688572944374754,0.0,0.965386641011111,0.5682530120267706,0.0,,,45.15962076187134,3641.755859375,221.43675768958377
63,1.2457608222961425,0.582358255982399,1.2456113398075104,0.01707168766911531,26.48230571746826,0.00013241152628324927,0.0,0.9589206352649532,0.5700016775085043,0.0,,,45.031683921813965,3641.755859375,222.06586849744392
64,1.2443893522024154,0.5840152680873871,1.2442421197891236,0.016634980286619604,26.119294548034667,0.0001305964688071981,0.0,0.9567252689066003,0.5715674131603564,0.0,,,45.08228158950806,3641.755859375,221.8166349931874
65,1.2451539278030395,0.5834854483604431,1.2450088530778884,0.01667223642345329,25.680150413513182,0.00012840075069107116,0.0,0.9560845933006693,0.566922342878277,0.0,,,45.4116415977478,3641.755859375,220.20785085417285
66,1.2438891261816025,0.583344641327858,1.2437481433153152,0.015792483751724325,25.039377784729005,0.0001251968860742636,0.0,0.9570745203021652,0.5659938290823459,0.0,,,44.87688422203064,3641.755859375,222.83186930992127
67,1.2623952805995942,0.581379109621048,1.2622583597898482,0.015839705018513613,24.21594409942627,0.00012107971851946787,0.0,0.9573800003846101,0.5690004428708814,0.0,,,45.3782172203064,3641.755859375,220.3700500495881
68,1.298330956697464,0.5765478879213333,1.2981998115777968,0.015512052004736729,23.12622413635254,0.00011563111766008661,0.0,0.9735697561257111,0.5643560261472375,0.0,,,45.35702419281006,3641.755859375,220.47301775113343
69,1.277277809381485,0.577165886759758,1.2771535903215407,0.01396263312386764,22.05238094329834,0.00011026190331904217,0.0,0.9749676375931746,0.5643859916968726,0.0,,,45.32709765434265,3641.755859375,220.61858176445432
70,1.2467759162187577,0.5796003341674805,1.2466562390327454,0.014800685068169544,20.975735473632813,0.00010487867548363284,0.0,0.9732549494317311,0.5667138878283142,0.0,,,45.26450157165527,3641.755859375,220.9236742432622
71,1.2510889142751693,0.5788526922464371,1.250974354147911,0.015508453955725162,19.809451866149903,9.90472559351474e-05,0.0,0.9757851040392176,0.5619602245943887,0.0,,,45.10488295555115,3641.755859375,221.7054860746353
72,1.245942023396492,0.5781190484762192,1.2458348870277405,0.014600643898259002,18.506079483032227,9.25303960684687e-05,0.0,0.9808958366188529,0.5668089057862326,0.0,,,45.9873251914978,3641.755859375,217.4512207082836
73,1.2404190003871918,0.5768002539873123,1.2403184175491333,0.015072450543957852,17.09849433898926,8.549246922484599e-05,0.0,0.9860934143926561,0.563457782274297,0.0,,,46.19938111305237,3641.755859375,216.45311601749518
74,1.2451213747262955,0.5775054663419723,1.2450279891490936,0.014560786024254379,15.764908981323241,7.882454228820279e-05,0.0,0.995939048670106,0.564775955373958,0.0,,,46.147207736968994,3641.755859375,216.69783482888607
75,1.25391925573349,0.5737864226102829,1.2538334906101227,0.014085913568112146,14.336377334594726,7.16818860382773e-05,0.0,1.0105964970069128,0.5610127868288655,0.0,,,46.10298538208008,3641.755859375,216.9056931373241
76,1.2791378855705262,0.5707117348909378,1.2790589720010757,0.01320070580748441,13.141602706909179,6.570801269845106e-05,0.0,1.0199335515499115,0.5551783297454473,0.0,,,46.16693472862244,3641.755859375,216.60524049911052
77,1.2786013334989548,0.5699599623680115,1.2785290956497193,0.010435370370164667,12.360826206207275,6.180412965477445e-05,0.0,1.0233950027542023,0.5583173112343933,0.0,,,46.065118074417114,3641.755859375,217.08399800137786
78,1.2317893654108047,0.5728101342916488,1.2317186355590821,0.01210923332768542,11.724195957183838,5.862097859790083e-05,0.0,1.0081002251143605,0.5664759372106187,0.0,,,46.12690615653992,3641.755859375,216.7932088500193
79,1.1945619732141495,0.5761189341545105,1.1944968909025193,0.009111640422334873,11.194041919708251,5.5970208268263375e-05,0.0,0.9964200741009331,0.5648291186761047,0.0,,,46.137001752853394,3641.755859375,216.7457706412736
80,1.1861032009124757,0.5774386793375015,1.1860399395227432,0.00726720276578377,11.198373222351075,5.599186442850623e-05,0.0,0.9985518420868289,0.570796088863516,0.0,,,46.149285078048706,3641.755859375,216.68808049979054
81,1.1761154770851134,0.5768266886472702,1.176053097844124,0.006537645171982617,11.169809913635254,5.5849047930678354e-05,0.0,0.9921435627896907,0.5683234537484859,0.0,,,46.18519067764282,3641.755859375,216.51962140411314
82,1.1265687584877013,0.5818678081035614,1.126506793498993,0.006826060966477669,11.027591228485107,5.513795476872474e-05,0.0,0.9885105494292539,0.569734874129584,0.0,,,46.1633141040802,3641.755859375,216.62222901618188
83,1.1633468002080918,0.5754673957824707,1.1632838189601897,0.008844200342903185,10.827120780944824,5.413560211309232e-05,0.0,0.9909247649206665,0.5664571207603011,0.0,,,46.02962684631348,3641.755859375,217.25138101572298
84,1.127275761961937,0.5786379188299179,1.127214953303337,0.007437898581776242,10.67397756576538,5.3369886518339624e-05,0.0,0.9998810166452468,0.5713002681732178,0.0,,,45.583842277526855,3641.755859375,219.37597842492684
85,1.1122014313936233,0.5792978644371033,1.1121444612741471,0.004450801321175364,10.504409217834473,5.252204464341048e-05,0.0,0.979766685506622,0.574002133154696,0.0,,,45.86786079406738,3641.755859375,218.01757977981424
86,1.104800921678543,0.5804140090942382,1.1047435730695725,0.005704175194846111,10.327582168579102,5.163790883671027e-05,0.0,0.9746601020885726,0.5754263194652216,0.0,,,46.00234341621399,3641.755859375,217.38023016617453
87,1.070518469810486,0.5851108878850937,1.0704621255397797,0.0045788744707654485,10.353625011444091,5.176812373974826e-05,0.0,0.9606020887885197,0.5764296627795148,0.0,,,46.00595259666443,3641.755859375,217.36317662347525
88,1.0611158281564712,0.5863141804933548,1.0610591977834702,0.004022105481160399,10.521661376953125,5.2608305486501196e-05,0.0,0.9680080405880694,0.5714796959054961,0.0,,,45.96464657783508,3641.755859375,217.5585095180992
89,1.0657772660255431,0.5853770583868027,1.0657211869955063,0.003733049310669758,10.471431636810303,5.2357156528159975e-05,0.0,0.9539032964527463,0.5750368119873666,0.0,,,45.992576122283936,3641.755859375,217.42639449923928
90,1.042034050822258,0.5891894936561585,1.0419780135154724,0.0031590917847647408,10.576768970489502,5.288384345476515e-05,0.0,0.9467478255960035,0.5786189187958511,0.0,,,46.062004804611206,3641.755859375,217.09867042085222
91,1.0301570802927018,0.5900669693946838,1.0301019459962846,0.0028460196453803906,10.457676124572753,5.228837981121615e-05,0.0,0.9462625108677307,0.5792345245150042,0.0,,,46.00769090652466,3641.755859375,217.35496398455052
92,1.0353925228118896,0.5888859838247299,1.0353369951248168,0.002887484792306126,10.527255439758301,5.263627608655952e-05,0.0,0.9369007564774438,0.5798659629163673,0.0,,,46.013707876205444,3641.755859375,217.32654162328848
93,1.057837226986885,0.5863056689500808,1.0577807903289795,0.0034843716424874127,10.590265274047852,5.295132505125366e-05,0.0,0.9542954327407819,0.5682729121126217,0.0,,,45.997795820236206,3641.755859375,217.40172157555023
94,1.0416268318891526,0.5871391057968139,1.041569671034813,0.002907606173838998,10.849910926818847,5.424955343187321e-05,0.0,0.9375207453749659,0.5758700917044217,0.0,,,45.968976974487305,3641.755859375,217.5380149432079
95,1.0204877704381943,0.59102982878685,1.0204288721084596,0.0027829466388482093,11.222646617889405,5.611323176708538e-05,0.0,0.9394705504106841,0.5728534364094169,0.0,,,46.012255907058716,3641.755859375,217.33339960986146
96,1.0186942130327226,0.590591910481453,1.0186347275972367,0.003171422227922005,11.26315679550171,5.6315782421734185e-05,0.0,0.9248838160574869,0.5801535695430442,0.0,,,45.99174213409424,3641.755859375,217.43033718626802
97,0.9961098819971085,0.5943446576595306,0.9960503339767456,0.0026826329297629887,11.372707271575928,5.686353470082395e-05,0.0,0.9230420366470808,0.5845365741495359,0.0,,,45.94937705993652,3641.755859375,217.63080676710734
98,0.9889293253421784,0.595148092508316,0.9888699144124985,0.0026121275500080947,11.359203815460205,5.6796017452143134e-05,0.0,0.9192361690230288,0.585819018810771,0.0,,,45.95289468765259,3641.755859375,217.61414744318537
99,1.0026328593492508,0.5922271192073822,1.0025719910860063,0.0027380205343288033,11.626620864868164,5.8133102720603345e-05,0.0,0.9487674281037172,0.5702422683377532,0.0,,,45.947850704193115,3641.755859375,217.63803631161835
100,1.0308959275484084,0.5872455626726151,1.0308328598737717,0.003467712055262488,11.920216941833496,5.960108319413848e-05,0.0,0.9233253087316241,0.5824463588273554,0.0,,,45.96239876747131,3641.755859375,217.56914930813485
101,0.9843439877033233,0.5944517612457275,0.9842800199985504,0.002478868956728467,12.297012233734131,6.148505999590271e-05,0.0,0.9202259374877154,0.5801966012823091,0.0,,,46.02429127693176,3641.755859375,217.27656684226199
102,0.9998266428709031,0.5920788288116455,0.999762237071991,0.003117034677587922,12.257456493377685,6.128728200565093e-05,0.0,0.9226710563999111,0.5788512693912007,0.0,,,45.96529245376587,3641.755859375,217.5554525201485
103,0.9949414312839509,0.5923144966363907,0.9948772400617599,0.0027938100744694535,12.279939460754395,6.139969518699217e-05,0.0,0.916467950577886,0.5826913077952498,0.0,,,46.02785587310791,3641.755859375,217.25974000545546
104,0.9887292563915253,0.5938174009323121,0.98866386115551,0.002835358935517084,12.511409473419189,6.255704574869015e-05,0.0,0.9121044198046585,0.5846708727229305,0.0,,,45.95040822029114,3641.755859375,217.625922974589
105,0.9760739922523498,0.5954311817884446,0.9760069608688354,0.0026692797896825044,12.872218608856201,6.436109106289223e-05,0.0,0.9102536697508925,0.5866017835192184,0.0,,,45.958940744400024,3641.755859375,217.58551955352613
106,0.9707667112350464,0.5963065147399902,0.9706976026296615,0.0023765697728165623,13.345649337768554,6.672824456472881e-05,0.0,0.9099237946274783,0.5837386417908472,0.0,,,46.008867263793945,3641.755859375,217.34940664077953
107,0.9809933334589005,0.5949116736650467,0.9809229880571365,0.0025652904879433502,13.555933094024658,6.7779664095724e-05,0.0,0.9195576769820715,0.577568322636602,0.0,,,46.065903425216675,3641.755859375,217.08029706253316
108,0.9850114107131958,0.593648087978363,0.9849388003349304,0.002978237881853263,13.926399326324463,6.963199411984533e-05,0.0,0.9118944284558007,0.5814624209380901,0.0,,,46.01946496963501,3641.755859375,217.299353797318
109,0.9695109486579895,0.5960582524538041,0.9694385081529617,0.0031348911942251775,13.86070966720581,6.930354575160891e-05,0.0,0.9051536709863972,0.5873542258439284,0.0,,,45.95530843734741,3641.755859375,217.60271751049987
110,0.9683056861162186,0.5961483061313629,0.9682319194078446,0.0022245971254501833,14.308296871185302,7.15414818841964e-05,0.0,0.908950488373962,0.584497389868443,0.0,,,46.0473427772522,3641.755859375,217.16779724670866
111,0.9636866122484207,0.5972847044467926,0.9636112093925476,0.0023528904891582745,14.611435413360596,7.30571751773823e-05,0.0,0.9016934516354854,0.5861843879228643,0.0,,,45.984795331954956,3641.755859375,217.46318381569426
112,0.9706557631492615,0.5948312133550644,0.9705798268318176,0.0024537370773655776,14.694533729553223,7.347266800934449e-05,0.0,0.9048989861842796,0.5844577439760757,0.0,,,45.98210668563843,3641.755859375,217.47589923110885
113,0.9569367527961731,0.5973109751939774,0.956859502196312,0.0022332020803980312,15.00155267715454,7.500776046072133e-05,0.0,0.9055898483959872,0.5844722874372403,0.0,,,46.0009069442749,3641.755859375,217.38701830626758
114,0.9553937673568725,0.59772008061409,0.9553141951560974,0.0023995887028744954,15.433022689819335,7.71651124523487e-05,0.0,0.9044483042802418,0.5822586780887539,0.0,,,46.04618453979492,3641.755859375,217.1732598464832
115,0.9590988218784332,0.5971106201410293,0.9590175598859787,0.0023549792532577,15.7829008102417,7.891450077295304e-05,0.0,0.9011118624169948,0.5829987245956865,0.0,,,45.959580183029175,3641.755859375,217.58249227203677
116,0.947457829117775,0.5994347661733628,0.9473758310079574,0.0023525415051198506,15.929530715942382,7.964765100041405e-05,0.0,0.8993582059482685,0.5867253440921589,0.0,,,46.08984971046448,3641.755859375,216.96751156317066
117,0.9463191717863083,0.5994216233491898,0.9462355673313141,0.0022859648918341245,16.262325859069826,8.131162758218125e-05,0.0,0.8986905231602833,0.584859159610462,0.0,,,46.03839898109436,3641.755859375,217.20998604027247
118,0.9595390826463699,0.5968604654073715,0.9594539523124694,0.002355143713309524,16.552736282348633,8.276367952930741e-05,0.0,0.8980133638832241,0.5863958532960305,0.0,,,45.9840874671936,3641.755859375,217.46653137640914
119,0.9503252357244492,0.5984304010868072,0.950238260626793,0.0022579482960825123,16.94268207550049,8.471340988762677e-05,0.0,0.9018972142268036,0.5829386007554883,0.0,,,46.02609634399414,3641.755859375,217.26804561614492
120,0.9488327324390411,0.5984836101531983,0.9487441033124924,0.002198245393962758,17.286783599853514,8.643391411169432e-05,0.0,0.9011818110654198,0.584561085729853,0.0,,,45.98731708526611,3641.755859375,217.451259038634
121,0.944526755809784,0.5985875189304352,0.9444368541240692,0.0019286470547614492,17.593098068237303,8.796548936516047e-05,0.0,0.8959630243570407,0.5856017003480805,0.0,,,46.06363034248352,3641.755859375,217.09100923331286
122,0.9471971869468689,0.5984225690364837,0.9471066504716873,0.002090442338066251,17.69130458831787,8.845651973388158e-05,0.0,0.8971704393264457,0.5868858773685253,0.0,,,46.0084662437439,3641.755859375,217.3513011066691
123,0.9534050583839416,0.5956602722406388,0.9533122181892395,0.002407183410944486,18.086932373046874,9.043465906870552e-05,0.0,0.8967645071609257,0.5860770693269827,0.0,,,45.9943687915802,3641.755859375,217.41792012222626
124,0.943718957901001,0.5982871443033219,0.9436259984970092,0.0018874826142693303,18.216102600097656,9.108051017392427e-05,0.0,0.9023227605057687,0.5798239421469248,0.0,,,46.01754403114319,3641.755859375,217.3084246571769
125,0.9418445974588394,0.5984919100999833,0.9417497038841247,0.0015669574349936846,18.664885139465333,9.332442277809605e-05,0.0,0.8951686643082062,0.5875098442627211,0.0,,,46.032394886016846,3641.755859375,217.2383171625441
126,0.9443685621023178,0.5977391481399537,0.9442715913057327,0.0019179836206724785,19.01095485687256,9.50547713728156e-05,0.0,0.8940168845740126,0.586039346369935,0.0,,,46.0072557926178,3641.755859375,217.3570196204698
127,0.9524749487638473,0.5956981867551804,0.9523764312267303,0.0032616672837372665,19.051072311401366,9.525535788270644e-05,0.0,0.902824274997157,0.5763263356743367,0.0,,,46.00265097618103,3641.755859375,217.37877682696458
128,0.9391957879066467,0.5982994049787521,0.9390974938869476,0.0012132504547485983,19.414146995544435,9.707073331810534e-05,0.0,0.9001116348525225,0.581408507959606,0.0,,,45.994688272476196,3641.755859375,217.41640992888577
129,0.93954998254776,0.5978215247392654,0.9394498705863953,0.002152674639402965,19.591032791137696,9.795516089070589e-05,0.0,0.8917791602397946,0.5883690535877865,0.0,,,46.032660484313965,3641.755859375,217.23706374537244
130,0.948834016919136,0.5958737134933472,0.9487340092658997,0.0015631824382644206,19.690570449829103,9.845285021583549e-05,0.0,0.8978576235851999,0.5818593118150356,0.0,,,46.03339505195618,3641.755859375,217.23359723334272
131,0.9413548767566681,0.5970576941967011,0.941253936290741,0.0017042377789171532,19.845915222167967,9.922957251546904e-05,0.0,0.8979348048892495,0.5856507137670355,0.0,,,46.08305358886719,3641.755859375,216.99950895649448
132,0.9389617681503296,0.5982727020978927,0.9388590395450592,0.0016957493033303197,20.205502700805663,0.00010102751111844555,0.0,0.8956810663167847,0.5764092100157288,0.0,,,46.0699942111969,3641.755859375,217.06102141357746
133,0.9324798673391342,0.5985465049743652,0.9323762565851211,0.001543009490766569,20.415406799316408,0.00010207703089690768,0.0,0.8966711068268838,0.5860382524154377,0.0,,,46.134573459625244,3641.755859375,216.75717905469568
134,0.9258440494537353,0.5997996985912323,0.9257373511791229,0.001063410833014541,21.12693386077881,0.00010563466639723629,0.0,0.8950380970144387,0.5804864265583907,0.0,,,46.15129804611206,3641.755859375,216.6786292773066
135,0.9216851979494095,0.6009261131286621,0.9215758115053176,0.0013912321475807584,21.597501373291017,0.0001079875037248712,0.0,0.8899638798565899,0.5873893363712487,0.0,,,46.143996715545654,3641.755859375,216.712914177004
136,0.9107324004173278,0.6028374046087265,0.9106203764677048,0.000798893481260187,22.24623336791992,0.00011123116346425376,0.0,0.8971595970539434,0.5811899847037567,0.0,,,46.23361539840698,3641.755859375,216.29284047607834
137,0.9204426109790802,0.6004270434379577,0.920328614115715,0.001140561653301682,22.56987934112549,0.00011284939391771331,0.0,0.8896572107119941,0.5824350465007903,0.0,,,46.16817784309387,3641.755859375,216.59940823278265
138,0.9184602290391922,0.6004781991243362,0.9183446377515793,0.0008563109615352931,22.94615230560303,0.00011473075792309829,0.0,0.8866709238391811,0.5883352791137326,0.0,,,46.288793087005615,3641.755859375,216.03501264774263
139,0.9231982082128525,0.5990921914577484,0.9230813980102539,0.0009262041683542159,23.175368881225587,0.00011587684202822857,0.0,0.8877352565599123,0.58886214888702,0.0,,,45.980502128601074,3641.755859375,217.4834883714708
140,0.915952804684639,0.6010599344968796,0.9158342540264129,0.0010525617952227132,23.499306869506835,0.00011749653131118976,0.0,0.8924607182097493,0.5837771432884669,0.0,,,45.56343674659729,3641.755859375,219.47422569582193
141,0.9196268141269683,0.5992874503135681,0.9195088356733322,0.001038349399459614,23.388511085510252,0.00011694255226757377,0.0,0.8949448410737313,0.5805398384537593,0.0,,,45.94703006744385,3641.755859375,217.64192343490734
142,0.9087470680475235,0.6016652107238769,0.908627238869667,0.0009480734472164127,23.776142120361328,0.00011888070803252049,0.0,0.8843970694207106,0.5888018630463043,0.0,,,46.001911878585815,3641.755859375,217.38226938030948
143,0.9115817844867706,0.6004478156566619,0.911461228132248,0.0008929087198339687,23.934192848205566,0.00011967096070293337,0.0,0.8855380700229155,0.5878025846821922,0.0,,,46.00885033607483,3641.755859375,217.3494866086483
144,0.909728467464447,0.6010353296995163,0.9096067726612092,0.0011001894192304855,24.117306518554688,0.00012058653010171838,0.0,0.8881394062146147,0.5828039165559173,0.0,,,45.98698806762695,3641.755859375,217.45281481131855
145,0.9046798467636108,0.6024593710899353,0.9045568495988846,0.000940557650756115,24.41192798614502,0.0001220596364873927,0.0,0.889274787527597,0.5853340126411678,0.0,,,45.95571827888489,3641.755859375,217.60077688949244
146,0.9045968174934387,0.6020392209291459,0.9044722288846969,0.0006839609006420008,24.77989559173584,0.000123899475147482,0.0,0.8830762333789114,0.587463630097253,0.0,,,45.977906465530396,3641.755859375,217.49576630891173
147,0.9168495327234268,0.5981293857097626,0.916722658276558,0.0008209361782064934,25.21194381713867,0.00012605971423909068,0.0,0.8892891144348403,0.5809664184331317,0.0,,,45.95950412750244,3641.755859375,217.58285233577922
148,0.9107552111148834,0.5997440904378891,0.9106262058019639,0.0008548713361961455,25.628740310668945,0.00012814369838451967,0.0,0.8895254813441352,0.5792234283815574,0.0,,,45.98645758628845,3641.755859375,217.45532325981225
149,0.9060219556093216,0.6005781203508377,0.9058925569057464,0.001064250737545192,25.667087745666503,0.00012833543587476015,0.0,0.885087690471737,0.5869249075146045,0.0,,,46.013391733169556,3641.755859375,217.32803480320982
150,0.9042897760868073,0.6009851306676864,0.9041605770587922,0.001079096551984602,25.624428939819335,0.00012812213972210885,0.0,0.8829370971597713,0.5862945648717534,0.0,,,46.0411262512207,3641.755859375,217.19711949346302
151,0.900169962644577,0.6018038868904114,0.9000403195619583,0.0008051354379858885,25.76704216003418,0.0001288352083065547,0.0,0.8826385755948812,0.5862623373042007,0.0,,,45.98966932296753,3641.755859375,217.4401370397751
152,0.8903862655162811,0.6044080197811127,0.8902544170618057,0.0006013969687046498,26.248399543762208,0.00013124199613230304,0.0,0.8876391294937734,0.5816358507545462,0.0,,,46.03298354148865,3641.755859375,217.23553918653113
153,0.9077176958322525,0.5992542147636414,0.9075831949710846,0.0005168472911464053,26.798040199279786,0.0001339901951723732,0.0,0.888796393071768,0.5787281847173308,0.0,,,45.986552000045776,3641.755859375,217.45487680811655
154,0.8979404389858245,0.6015921831130981,0.8978037685155869,0.0005820654332637791,27.217338943481444,0.00013608669105451553,0.0,0.884874278422418,0.5854681707178998,0.0,,,45.99130725860596,3641.755859375,217.43239312095844
155,0.8958765268325806,0.6023683100938797,0.8957379400730133,0.0005919728995650122,27.598962211608885,0.00013799480657326058,0.0,0.8807385022646002,0.5873858826933992,0.0,,,45.94330930709839,3641.755859375,217.65954936239143
156,0.8931386590003967,0.6029835015535354,0.8930005073547364,0.000535042810952291,27.523571968078613,0.00013761785521637648,0.0,0.8900698749551473,0.5825142666300619,0.0,,,45.93942975997925,3641.755859375,217.67793053259956
157,0.897301834821701,0.6016616880893707,0.8971623450517654,0.0006379810860380545,27.769059944152833,0.00013884529762435703,0.0,0.8829928930244492,0.584536388624667,0.0,,,45.96277451515198,3641.755859375,217.5673706708768
158,0.8923081964254379,0.6025877386331558,0.8921684086322784,0.0005903305893298242,27.838941383361817,0.00013919470366090535,0.0,0.8839384172355291,0.5830675574249563,0.0,,,45.93468952178955,3641.755859375,217.70039384409915
159,0.8952987223863602,0.6023893505334854,0.8951568454504013,0.0007106307661160831,28.23365001678467,0.00014116824750090017,0.0,0.8810003889819323,0.5876181018843201,0.0,,,45.973135232925415,3641.755859375,217.51833868485258
160,0.9010725378990173,0.5996244132518769,0.9009306818246842,0.0005815994751174007,28.254185485839844,0.00014127092581475153,0.0,0.8841340442979596,0.5847931764749291,0.0,,,46.03864860534668,3641.755859375,217.20880831499156
161,0.8860055834054947,0.603949636220932,0.8858626902103424,0.00044471788278315215,28.48802795410156,0.00014244013582356274,0.0,0.8826945761069835,0.5837825950208069,0.0,,,46.02703380584717,3641.755859375,217.26362037976088
162,0.8848490566015244,0.6045249462127685,0.8847032994031906,0.00034912811534013597,29.07967472076416,0.00014539836993208156,0.0,0.8871709075158791,0.582119666202305,0.0,,,46.0276255607605,3641.755859375,217.2608271265074
163,0.8930491000413895,0.6013764709234237,0.8929021745920181,0.0004850948986131698,29.287632942199707,0.0001464381581172347,0.0,0.8824295509814062,0.5859108967007506,0.0,,,45.96944212913513,3641.755859375,217.5358137240057
164,0.891947990655899,0.601894548535347,0.891800606250763,0.0004668274545110762,29.381882095336913,0.0001469094044296071,0.0,0.8827149764821836,0.5838753099735944,0.0,,,45.99332070350647,3641.755859375,217.42287460530358
165,0.8944428771734237,0.6006381034851074,0.8942942947149277,0.0005097810586448759,29.614830780029298,0.0001480741484556347,0.0,0.8777285268029635,0.5874473474937836,0.0,,,45.946240186691284,3641.755859375,217.6456650069179
166,0.892501848936081,0.6010327905416488,0.8923527538776398,0.0005624804995022714,29.704365730285645,0.00014852182648610323,0.0,0.8862432401636322,0.5800321299862342,0.0,,,45.97571158409119,3641.755859375,217.50614956137545
167,0.8843058109283447,0.6029512733221054,0.8841556996107102,0.00048194014525506664,29.924423599243163,0.00014962211571400985,0.0,0.8814477631168273,0.584436976231328,0.0,,,45.98089551925659,3641.755859375,217.48162768626472
168,0.8860471069812774,0.6032471716403961,0.8858947724103927,0.000554068099881988,30.355809593200682,0.00015177904424490407,0.0,0.8780158914030319,0.5867882043339727,0.0,,,46.006020069122314,3641.755859375,217.36285783850408
169,0.8835222780704498,0.6034551799297333,0.8833692312240601,0.0003753698663786054,30.532799911499023,0.00015266399568645284,0.0,0.8910471071775543,0.576315625383548,0.0,,,46.00263047218323,3641.755859375,217.37887371564065
170,0.886999574303627,0.6021533191204071,0.8868449628353119,0.0005197783772018738,30.817906188964844,0.00015408952749567105,0.0,0.8789130380020881,0.585904425122836,0.0,,,45.95158529281616,3641.755859375,217.62034837921792
171,0.8801175653934479,0.6039153128862381,0.8799616575241089,0.0003980994297307916,31.101975440979004,0.00015550987154711038,0.0,0.8877948371030516,0.5790709716788793,0.0,,,46.00888419151306,3641.755859375,217.34932667296962
172,0.8864573270082474,0.601976853609085,0.8862997025251389,0.0005017110292101279,31.423939895629882,0.00015711969463154672,0.0,0.8826215289551178,0.5843914744351736,0.0,,,45.960296869277954,3641.755859375,217.5790993788048
173,0.881595429778099,0.6028861224651336,0.8814391136169434,0.0004781030846061185,31.168971633911134,0.0001558448522700928,0.0,0.8848229227429729,0.5810954448818871,0.0,,,46.01899194717407,3641.755859375,217.3015873854681
174,0.8805856049060822,0.6030294895172119,0.880427873134613,0.0005910784617299214,31.428105926513673,0.00015714052569819613,0.0,0.8781410343854825,0.5871111585354978,0.0,,,45.98601150512695,3641.755859375,217.45743265612643
175,0.8784805864095688,0.6035308390855789,0.8783205717802047,0.0004199972579954192,31.91730499267578,0.0001595865236595273,0.0,0.8754417153016707,0.588590732209619,0.0,,,45.98004746437073,3641.755859375,217.4856389121576
176,0.8723736822605133,0.6060233473777771,0.8722115188837052,0.00031449853486265056,32.36957988739014,0.00016184789565159007,0.0,0.8823250173512152,0.5835725924148976,0.0,,,46.06967782974243,3641.755859375,217.06251207044545
177,0.8776758372783661,0.6036913365125656,0.8775112628936768,0.00027102730091428385,32.86285171508789,0.00016431425319751725,0.0,0.8752467321281572,0.5890178598156853,0.0,,,45.98736214637756,3641.755859375,217.4510459671517
178,0.8801099330186843,0.6031554222106934,0.8799461215734482,0.0003204977430868894,32.69643287658691,0.00016348215867765248,0.0,0.8906063125728118,0.5752814116258598,0.0,,,46.00949501991272,3641.755859375,217.34644111334066
179,0.881581860780716,0.6018320560455322,0.881416666507721,0.0004164217229117639,32.95833778381348,0.00016479168552905322,0.0,0.8805399640997732,0.5838708352234404,0.0,,,45.99566459655762,3641.755859375,217.41179495313597
180,0.8801530182361603,0.6029206454753876,0.8799886226654052,0.000567968943505548,32.76548957824707,0.00016382744652219117,0.0,0.8766955944729775,0.5870170089580822,0.0,,,45.962738275527954,3641.755859375,217.56754221330462
181,0.8780459761619568,0.6029417216777802,0.8778803408145904,0.0003940106515074149,33.04775733947754,0.0001652387829381041,0.0,0.8780102690109041,0.5860590435402157,0.0,,,46.02023959159851,3641.755859375,217.29569617072588
182,0.8742151975631713,0.6043967604637146,0.8740489661693573,0.0004177357739536092,33.16232795715332,0.00016581163508817555,0.0,0.8784885158261722,0.584053929940263,0.0,,,45.97927641868591,3641.755859375,217.48928601964718
183,0.8718598783016205,0.6050545841455459,0.8716921269893646,0.0003020921270945109,33.49117813110352,0.0001674558865488507,0.0,0.8798256105862865,0.5820926813178721,0.0,,,46.03544855117798,3641.755859375,217.22390711329595
184,0.8685986518859863,0.6060310989618302,0.8684303104877472,0.00038805128569947557,33.589325714111325,0.00016794662515167146,0.0,0.8760365615745433,0.5867038878632516,0.0,,,46.03470540046692,3641.755859375,217.22741381763186
185,0.8683610916137695,0.6066223829984665,0.8681917369365693,0.0003262778598582372,33.806130981445314,0.00016903064970392735,0.0,0.8752210099096737,0.5880826267145448,0.0,,,46.01422429084778,3641.755859375,217.3241025816662
186,0.8734862297773361,0.6043506979942321,0.873315304517746,0.000269379215023946,34.13044548034668,0.00017065222200471908,0.0,0.8820196520041034,0.5823027966386181,0.0,,,45.9939911365509,3641.755859375,217.4197053330541
187,0.8760256588459014,0.6038090705871582,0.8758531421422958,0.00031324700539698825,34.44210433959961,0.00017221051675733178,0.0,0.8811104461442472,0.5848109170108962,0.0,,,46.07283067703247,3641.755859375,217.04765808941383
188,0.8722973316907883,0.6042986989021302,0.8721260786056518,0.00038021782238502056,34.175641250610354,0.0001708782001514919,0.0,0.8788630239322746,0.5826187395731993,0.0,,,45.99857759475708,3641.755859375,217.39802669767337
189,0.8688923060894013,0.6062742441892623,0.8687216192483902,0.00037846490449737756,34.061306381225585,0.00017030652816174552,0.0,0.8748216603772115,0.5879848011325116,0.0,,,46.09165096282959,3641.755859375,216.95903251685334
190,0.8654177367687226,0.6068112403154373,0.8652442216873169,0.000253173234523274,34.653433609008786,0.00017326716479146854,0.0,0.8768208572420023,0.5857969837096355,0.0,,,45.97347617149353,3641.755859375,217.51672557231237
191,0.8687223672866822,0.605408963561058,0.8685467422008515,0.0001509021945821587,35.09629592895508,0.00017548147588968276,0.0,0.8773500057023028,0.5842636208124369,0.0,,,46.03851819038391,3641.755859375,217.20942361017833
192,0.8682198882102966,0.6058567702770233,0.8680425167083741,0.0001934854852152057,35.43677978515625,0.00017718389572110027,0.0,0.8755503782492862,0.5867210395688295,0.0,,,46.04047131538391,3641.755859375,217.20020917028734
193,0.8673210978507996,0.6062391340732575,0.8671432763338089,0.0003031849264516495,35.50340232849121,0.00017751700652297587,0.0,0.8770700330162741,0.5809420522563972,0.0,,,46.04320311546326,3641.755859375,217.18732241375224
194,0.8646680861711502,0.6067934036254883,0.8644898712635041,0.0002418532210867852,35.59259185791016,0.00017796295578591524,0.0,0.8747998062548279,0.5875905209534393,0.0,,,46.081881046295166,3641.755859375,217.00503045771322
195,0.8643959313631058,0.6071942865848541,0.8642165839672089,0.0003049332488444634,35.80937385559082,0.0001790468639228493,0.0,0.8784256211637584,0.5812797978628634,0.0,,,46.05586314201355,3641.755859375,217.12762106238105
196,0.862540802359581,0.6077737301588059,0.8623590886592865,0.00020928961457684637,36.30298919677735,0.0001815149385947734,0.0,0.878188696958251,0.5825368963344334,0.0,,,45.98255276679993,3641.755859375,217.47378947651958
197,0.8736387491226196,0.6043264031410217,0.8734572291374206,0.0002778316949843429,36.24935035705566,0.00018124674825230612,0.0,0.876269420108264,0.5834695117381237,0.0,,,46.0231397151947,3641.755859375,217.28200339835712
198,0.8663134008646012,0.6058003813028335,0.8661308377981186,0.00037145155074540525,36.43647689819336,0.00018218238110421226,0.0,0.8756934856098443,0.5865406999432146,0.0,,,45.997886657714844,3641.755859375,217.4012922466033
199,0.8660147458314895,0.6062505722045899,0.8658304393291474,0.00024166376242646949,36.81317901611328,0.00018406589078949763,0.0,0.8812881528465281,0.5788862853159916,0.0,,,46.10823631286621,3641.755859375,216.88099132973264
200,0.868577441573143,0.6052016973495483,0.8683920502662659,0.00031261246767826377,37.01550025939942,0.000185077496280428,0.0,0.8785521793596393,0.583320144518813,0.0,,,46.02439785003662,3641.755859375,217.2760637213213
